Number,Name,a,e,i,H,H_std,D,D_std,P,P_std,P (LCDB),l1,b1,l2,b2,l3,b3,l4,b4,Mag(min),Mag(max),u,u_sigma,g,g_sigma,r,r_sigma,i,i_sigma,z,z_sigma,dadt (papers),dadt_std (papers),snr_papers,dadt (JPL),dadt_sigma (JPL),snr_jpl
101955,Bennu,1.126391026,0.203745108,6.034939534,20.19,0.06,0.492,0.02,4.297,nan,nan,45.0,-88.0,nan,nan,nan,nan,nan,nan,0.1,0.35,nan,nan,nan,nan,nan,nan,nan,nan,nan,nan,-0.001898,1e-05,189.8,nan,nan,nan
99942,Apophis,0.922438302,0.191195305,3.33136952,19.7,0.4,0.34,0.04,30.56,nan,nan,250.0,-75.0,nan,nan,nan,nan,nan,nan,0.3,1.14,nan,nan,nan,nan,nan,nan,nan,nan,nan,nan,-0.00245,0.001358,1.8,-0.001331,9e-06,149.39
480883,2001YE4,0.676875623,0.540421435,4.837990331,20.7,nan,nan,nan,nan,nan,nan,nan,nan,nan,nan,nan,nan,nan,nan,nan,nan,nan,nan,nan,nan,nan,nan,nan,nan,nan,nan,-0.005095000000000001,4.5e-05,113.22,-0.005066,6.7e-05,75.07
NaN,1998SD9,0.702464253,0.504462079,2.987213244,24.09,nan,nan,nan,nan,nan,nan,nan,nan,nan,nan,nan,nan,nan,nan,nan,nan,nan,nan,nan,nan,nan,nan,nan,nan,nan,nan,nan,nan,nan,-0.019522,0.000178,109.39
524522,2002VE68,0.723687471,0.410078162,9.034394211,20.5,nan,nan,nan,13.5,nan,nan,nan,nan,nan,nan,nan,nan,nan,nan,0.9,1.22,nan,nan,nan,nan,nan,nan,nan,nan,nan,nan,-0.00349,0.00018,19.39,-0.003492,6.8e-05,51.68
NaN,2002BF25,1.074548063,0.221590169,6.313321387,22.62,nan,0.152,0.003,nan,nan,nan,nan,nan,nan,nan,nan,nan,nan,nan,nan,nan,nan,nan,nan,nan,nan,nan,nan,nan,nan,nan,nan,nan,nan,0.007165,0.000147,48.78
NaN,2000EB14,0.895612448,0.49554995,11.573791537,23.43,nan,nan,nan,1.79,nan,nan,nan,nan,nan,nan,nan,nan,nan,nan,nan,nan,nan,nan,nan,nan,nan,nan,nan,nan,nan,nan,nan,nan,nan,-0.016121,0.000486,33.2
152563,1992BF,0.907973879,0.27180007,7.25507962,19.8,nan,0.272,0.077,32.0,nan,nan,nan,nan,nan,nan,nan,nan,nan,nan,nan,nan,nan,nan,nan,nan,nan,nan,nan,nan,nan,nan,-0.001196,5.6000000000000006e-05,21.36,-0.001245,4.5e-05,27.51
2340,Hathor,0.843829246,0.449884166,5.854591233,20.2,nan,0.3,nan,3.35,nan,nan,nan,nan,nan,nan,nan,nan,nan,nan,0.1,0.11,nan,nan,nan,nan,nan,nan,nan,nan,nan,nan,-0.001734,6.9e-05,25.13,-0.001778,7.4e-05,24.06
483656,2005ES70,0.762954629,0.386434632,20.83312388,23.8,nan,nan,nan,1.69,nan,nan,nan,nan,nan,nan,nan,nan,nan,nan,nan,nan,nan,nan,nan,nan,nan,nan,nan,nan,nan,nan,-0.008011,0.000319,25.11,-0.007989,0.000342,23.36
NaN,2002JR100,0.923718422,0.29887899,3.708744879,24.3,nan,0.027999999999999997,0.002,nan,nan,nan,nan,nan,nan,nan,nan,nan,nan,nan,nan,nan,nan,nan,nan,nan,nan,nan,nan,nan,nan,nan,nan,nan,nan,-0.013875,0.000641,21.63
441987,2010NY65,1.001140323,0.3702258,11.59124075,21.4,nan,0.228,0.012,4.971,nan,nan,nan,nan,nan,nan,nan,nan,nan,nan,0.16,0.32,nan,nan,nan,nan,nan,nan,nan,nan,nan,nan,-0.001865,0.00045700000000000005,4.08,-0.001979,0.000107,18.55
,2006CT,1.096886279,0.230722687,2.741533102,22.2,nan,nan,nan,16.69,nan,nan,nan,nan,nan,nan,nan,nan,nan,nan,nan,nan,nan,nan,nan,nan,nan,nan,nan,nan,nan,nan,-0.004814,0.0007740000000000001,6.22,-0.003844,0.00021,18.34
,2012BB124,1.154887448,0.211025947,15.7893469,21.2,nan,nan,nan,nan,nan,nan,nan,nan,nan,nan,nan,nan,nan,nan,nan,nan,nan,nan,nan,nan,nan,nan,nan,nan,nan,nan,0.002942,0.000167,17.62,0.00283,0.0003,9.45
,2000PN8,1.252208036,0.217079886,22.38684491,22.1,nan,nan,nan,nan,nan,nan,nan,nan,nan,nan,nan,nan,nan,nan,nan,nan,nan,nan,nan,nan,nan,nan,nan,nan,nan,nan,0.004928,0.0008869999999999999,5.56,0.005278,0.000307,17.22
NaN,2001CQ36,0.938225197,0.176928029,1.258209786,22.5,nan,nan,nan,nan,nan,nan,nan,nan,nan,nan,nan,nan,nan,nan,nan,nan,nan,nan,nan,nan,nan,nan,nan,nan,nan,nan,nan,nan,nan,-0.006858,0.000402,17.07
,2011EP51,0.828723202,0.307739159,3.426070466,25.2,nan,nan,nan,nan,nan,nan,nan,nan,nan,nan,nan,nan,nan,nan,nan,nan,nan,nan,nan,nan,nan,nan,nan,nan,nan,nan,-0.018509,0.002639,7.01,-0.016819,0.000989,17.01
,2003YL118,1.130047953,0.486207215,7.61215187,21.6,nan,nan,nan,nan,nan,nan,nan,nan,nan,nan,nan,nan,nan,nan,nan,nan,nan,nan,nan,nan,nan,nan,nan,nan,nan,nan,-0.009031,0.001539,5.87,-0.009151,0.000566,16.17
364136,2006CJ,0.676533865,0.754882522,10.23224315,20.2,nan,nan,nan,nan,nan,nan,nan,nan,nan,nan,nan,nan,nan,nan,nan,nan,nan,nan,nan,nan,nan,nan,nan,nan,nan,nan,-0.0034990000000000004,0.000542,6.46,-0.003713,0.000231,16.05
NaN,2002XQ40,1.075027066,0.351155458,2.189671411,22.39,nan,nan,nan,nan,nan,nan,nan,nan,nan,nan,nan,nan,nan,nan,nan,nan,nan,nan,nan,nan,nan,nan,nan,nan,nan,nan,nan,nan,nan,-0.004509,0.000285,15.81
NaN,2003AF23,0.87448581,0.425893346,23.231393918,21.02,nan,nan,nan,19.89,nan,nan,nan,nan,nan,nan,nan,nan,nan,nan,0.78,0.97,nan,nan,nan,nan,nan,nan,nan,nan,nan,nan,nan,nan,nan,-0.003038,0.000198,15.31
NaN,2009WB105,0.82549399,0.252519479,38.402435529,23.48,nan,nan,nan,nan,nan,nan,nan,nan,nan,nan,nan,nan,nan,nan,nan,nan,nan,nan,nan,nan,nan,nan,nan,nan,nan,nan,nan,nan,nan,0.006999,0.00046,15.22
185851,2000DP107,1.365328151,0.376645661,8.671243898,18.2,nan,0.863,0.043,2.775,nan,nan,291.0,80.0,31.0,-61.0,nan,nan,nan,nan,0.11,0.19,nan,nan,nan,nan,nan,nan,nan,nan,nan,nan,-8.2e-05,0.00028,0.29,0.000407,2.7e-05,15.17
,1995CR,0.906941013,0.868434841,4.067017755,21.7,nan,nan,nan,2.66,nan,nan,nan,nan,nan,nan,nan,nan,nan,nan,nan,nan,nan,nan,nan,nan,nan,nan,nan,nan,nan,nan,-0.015588999999999999,0.004071,3.83,-0.008702,0.0006,14.5
NaN,2018CW2,0.762147216,0.421061513,4.952828202,25.66,nan,nan,nan,nan,nan,nan,nan,nan,nan,nan,nan,nan,nan,nan,nan,nan,nan,nan,nan,nan,nan,nan,nan,nan,nan,nan,nan,nan,nan,-0.032521,0.002278,14.28
85990,1999JV6,1.008213935,0.311095599,5.359217734,20.2,nan,0.451,0.026,6.538,nan,nan,144.0,-84.0,nan,nan,nan,nan,nan,nan,0.83,0.93,nan,nan,nan,nan,nan,nan,nan,nan,nan,nan,-0.001434,0.000103,13.92,-0.001666,0.000124,13.44
NaN,2009BD,1.009762523,0.041631181,0.384479452,28.1,nan,nan,nan,4.0,1.2,nan,nan,nan,nan,nan,nan,nan,nan,nan,nan,nan,nan,nan,nan,nan,nan,nan,nan,nan,nan,nan,-0.038169,0.00993,3.84,-0.047394,0.003459,13.7
138175,2000EE104,1.004212011,0.29314637,5.238250455,20.4,nan,nan,nan,nan,nan,13.324,nan,nan,nan,nan,nan,nan,nan,nan,nan,nan,nan,nan,nan,nan,nan,nan,nan,nan,nan,nan,-0.0049369999999999995,0.000551,8.96,-0.004168,0.000308,13.55
612197,2000WP19,0.854572261,0.288287052,7.679265528,22.93,nan,nan,nan,nan,nan,nan,nan,nan,nan,nan,nan,nan,nan,nan,nan,nan,nan,nan,nan,nan,nan,nan,nan,nan,nan,nan,nan,nan,nan,0.009426,0.000699,13.49
NaN,2010GD35,0.763960571,0.481620976,7.789721087,24.62,nan,nan,nan,nan,nan,nan,nan,nan,nan,nan,nan,nan,nan,nan,nan,nan,nan,nan,nan,nan,nan,nan,nan,nan,nan,nan,nan,nan,nan,0.011636,0.000872,13.35
NaN,2016GW221,0.82667863,0.268235277,3.694316219,24.77,nan,nan,nan,0.286,nan,nan,nan,nan,nan,nan,nan,nan,nan,nan,nan,nan,nan,nan,nan,nan,nan,nan,nan,nan,nan,nan,nan,nan,nan,-0.006987,0.000559,12.5
NaN,2011CL50,0.883069875,0.146355309,0.19093773,27.3,nan,nan,nan,nan,nan,nan,nan,nan,nan,nan,nan,nan,nan,nan,nan,nan,nan,nan,nan,nan,nan,nan,nan,nan,nan,nan,nan,nan,nan,0.201488,0.016384,12.3
,2001BB16,0.855331317,0.172203492,2.028426961,23.2,nan,nan,nan,nan,nan,nan,nan,nan,nan,nan,nan,nan,nan,nan,nan,nan,nan,nan,nan,nan,nan,nan,nan,nan,nan,nan,0.016359000000000002,0.003496,4.68,0.015049,0.001225,12.28
480808,1994XL1,0.670894479,0.526255192,28.16729064,20.9,nan,nan,nan,nan,nan,nan,nan,nan,nan,nan,nan,nan,nan,nan,nan,nan,nan,nan,nan,nan,nan,nan,nan,nan,nan,nan,-0.003237,0.000312,10.38,-0.003427,0.000289,11.87
363027,1998ST27,0.819367514,0.529985078,21.05470616,19.5,nan,0.578,0.228,3.0,nan,nan,nan,nan,nan,nan,nan,nan,nan,nan,nan,nan,nan,nan,nan,nan,nan,nan,nan,nan,nan,nan,0.001492,0.0008900000000000001,1.68,0.00103,9e-05,11.49
NaN,2014RQ17,1.767022537,0.44252838,3.664946166,22.3,nan,nan,nan,0.522,nan,nan,nan,nan,nan,nan,nan,nan,nan,nan,nan,nan,nan,nan,nan,nan,nan,nan,nan,nan,nan,nan,nan,nan,nan,-0.001685,0.000147,11.47
612600,2003SM84,1.125315658,0.081944658,2.795753805,23.02,nan,nan,nan,nan,nan,nan,nan,nan,nan,nan,nan,nan,nan,nan,nan,nan,nan,nan,nan,nan,nan,nan,nan,nan,nan,nan,nan,nan,nan,-0.006736,0.0006,11.22
1566,Icarus,1.078168924,0.827021352,22.82210584,16.9,nan,1.0,nan,2.273,nan,nan,270.0,-81.0,nan,nan,nan,nan,nan,nan,0.05,0.22,nan,nan,nan,nan,nan,nan,nan,nan,nan,nan,-0.00044699999999999997,4e-05,11.18,-0.000395,9e-05,4.41
NaN,2006RH120,1.033180852,0.024500764,0.594728706,29.5,nan,nan,nan,0.046,nan,nan,nan,nan,nan,nan,nan,nan,nan,nan,nan,nan,nan,nan,nan,nan,nan,nan,nan,nan,nan,nan,nan,nan,nan,-2.117628,0.190331,11.13
,2006TU7,0.850712737,0.470209895,2.920036123,21.9,nan,nan,nan,nan,nan,nan,nan,nan,nan,nan,nan,nan,nan,nan,nan,nan,nan,nan,nan,nan,nan,nan,nan,nan,nan,nan,0.009851,0.001274,7.73,0.007138,0.000644,11.09
NaN,2007TF15,1.10851544,0.044412716,4.255366531,24.69,nan,nan,nan,nan,nan,nan,nan,nan,nan,nan,nan,nan,nan,nan,nan,nan,nan,nan,nan,nan,nan,nan,nan,nan,nan,nan,nan,nan,nan,-0.009195,0.000844,10.9
399308,1993GD,1.102428706,0.238147763,15.46209034,20.7,nan,nan,nan,nan,nan,nan,nan,nan,nan,nan,nan,nan,nan,nan,nan,nan,nan,nan,nan,nan,nan,nan,nan,nan,nan,nan,0.004464,0.0009599999999999999,4.65,0.003105,0.000287,10.82
613995,2008NP3,1.005006376,0.333958438,1.429513102,22.83,nan,0.193,0.003,nan,nan,nan,nan,nan,nan,nan,nan,nan,nan,nan,nan,nan,nan,nan,nan,nan,nan,nan,nan,nan,nan,nan,nan,nan,nan,-0.009435,0.000901,10.48
437844,1999MN,0.673829807,0.665483876,2.022138981,21.4,nan,nan,nan,5.495,nan,nan,nan,nan,nan,nan,nan,nan,nan,nan,0.41,0.77,nan,nan,nan,nan,nan,nan,nan,nan,nan,nan,0.004135,0.000395,10.47,0.003199,0.000316,10.11
66391,Moshup,0.642337833,0.688435169,38.88566921,16.6,nan,1.317,0.04,2.765,nan,nan,341.0,-56.0,nan,nan,nan,nan,nan,nan,0.11,0.24,nan,nan,nan,nan,nan,nan,nan,nan,nan,nan,-0.000523,0.00029,1.8,-0.0005,4.9e-05,10.3
,2007TF68,1.406377033,0.265251449,26.20129939,22.7,nan,nan,nan,nan,nan,nan,nan,nan,nan,nan,nan,nan,nan,nan,nan,nan,nan,nan,nan,nan,nan,nan,nan,nan,nan,nan,-0.007090000000000001,0.0006900000000000001,10.28,-0.00667,0.001073,6.22
NaN,2019XS,1.004529151,0.326436967,4.447170109,23.87,nan,nan,nan,nan,nan,nan,nan,nan,nan,nan,nan,nan,nan,nan,nan,nan,nan,nan,nan,nan,nan,nan,nan,nan,nan,nan,nan,nan,nan,-0.007922,0.000777,10.19
401885,2001RV17,0.914519335,0.342399989,7.524326602,20.5,nan,nan,nan,nan,nan,nan,nan,nan,nan,nan,nan,nan,nan,nan,nan,nan,nan,nan,nan,nan,nan,nan,nan,nan,nan,nan,-0.0019089999999999999,0.00088,2.17,-0.002368,0.000234,10.13
NaN,2015EG,0.862655488,0.35628191,2.493324194,25.6,nan,nan,nan,1.29,nan,nan,nan,nan,nan,nan,nan,nan,nan,nan,nan,nan,nan,nan,nan,nan,nan,nan,nan,nan,nan,nan,nan,nan,nan,-0.010625,0.001052,10.1
NaN,2000TU28,1.072631086,0.182849147,15.595303291,21.1,nan,nan,nan,128.5,nan,nan,nan,nan,nan,nan,nan,nan,nan,nan,nan,nan,nan,nan,nan,nan,nan,nan,nan,nan,nan,nan,nan,nan,nan,-0.003587,0.000371,9.67
350462,1998KG3,1.160326679,0.118226463,5.505183934,22.1,nan,nan,nan,13.335,nan,nan,nan,nan,nan,nan,nan,nan,nan,nan,nan,nan,nan,nan,nan,nan,nan,nan,nan,nan,nan,nan,-0.002668,0.00041,6.51,-0.002657,0.000281,9.45
2062,Aten,0.966789832,0.182717134,18.93368681,17.1,nan,1.1,nan,42.15,nan,nan,nan,nan,nan,nan,nan,nan,nan,nan,0.16,0.26,nan,nan,nan,nan,nan,nan,nan,nan,nan,nan,-0.000589,6.8e-05,8.66,-0.000474,5.1e-05,9.25
1862,Apollo,1.470345437,0.55991674,6.35473161,16.25,nan,1.5,nan,3.065,nan,nan,48.0,-72.0,nan,nan,nan,nan,nan,nan,0.15,1.15,nan,nan,nan,nan,nan,nan,nan,nan,nan,nan,-0.00018899999999999999,2.2e-05,8.59,-0.000194,2.1e-05,9.24
363599,2004FG11,1.587054923,0.723848378,3.127656088,21.0,nan,0.152,0.003,7.021,nan,nan,nan,nan,nan,nan,nan,nan,nan,nan,nan,nan,nan,nan,nan,nan,nan,nan,nan,nan,nan,nan,-0.004239,0.00072,5.89,-0.003919,0.00043,9.11
NaN,2009OS5,1.148058733,0.099326155,1.710602073,24.4,nan,nan,nan,nan,nan,nan,nan,nan,nan,nan,nan,nan,nan,nan,nan,nan,nan,nan,nan,nan,nan,nan,nan,nan,nan,nan,nan,nan,nan,-0.01305,0.001434,9.1
4179,Toutatis,2.545398025,0.624248642,0.44794907,15.2,nan,5.4,nan,176.0,nan,nan,nan,nan,nan,nan,nan,nan,nan,nan,0.5,1.46,nan,nan,nan,nan,nan,nan,nan,nan,nan,nan,-0.000263,2.8999999999999997e-05,9.07,-0.000337,4.3e-05,7.91
330659,2008GG2,1.587104522,0.27762265,13.01572901,22.9,nan,nan,nan,nan,nan,nan,nan,nan,nan,nan,nan,nan,nan,nan,nan,nan,nan,nan,nan,nan,nan,nan,nan,nan,nan,nan,0.002918,0.00098,2.98,0.003468,0.000383,9.05
33342,1998WT24,0.718454565,0.417938893,7.342580784,17.9,nan,0.432,0.028,3.697,nan,nan,1.0,10.0,nan,nan,nan,nan,nan,nan,0.19,0.65,nan,nan,nan,nan,nan,nan,nan,nan,nan,nan,-0.001691,0.000246,6.87,-0.001532,0.00018,8.51
326290,Akhenaten,0.878936202,0.440248732,3.378735415,21.73,nan,nan,nan,nan,nan,nan,nan,nan,nan,nan,nan,nan,nan,nan,nan,nan,nan,nan,nan,nan,nan,nan,nan,nan,nan,nan,nan,nan,nan,-0.00171,0.000201,8.51
NaN,2000EM26,0.817229365,0.466749472,3.844389296,22.5,nan,nan,nan,nan,nan,nan,nan,nan,nan,nan,nan,nan,nan,nan,nan,nan,nan,nan,nan,nan,nan,nan,nan,nan,nan,nan,nan,nan,nan,-0.009582,0.001129,8.49
6489,Golevka,2.502473956,0.605296547,2.27648076,19.2,nan,0.53,0.03,6.026,nan,nan,208.0,-47.0,nan,nan,nan,nan,nan,nan,0.28,1.03,nan,nan,nan,nan,nan,nan,nan,nan,nan,nan,-0.0005099999999999999,7.099999999999999e-05,7.18,-0.000525,6.3e-05,8.39
468468,2004KH17,0.712106568,0.498312189,22.12359882,21.9,nan,0.197,0.011,nan,nan,nan,nan,nan,nan,nan,nan,nan,nan,nan,nan,nan,nan,nan,nan,nan,nan,nan,nan,nan,nan,nan,-0.004379999999999999,0.00053,8.26,-0.004467,0.00057,7.83
310842,2003AK18,0.876828106,0.384152889,7.403322491,19.7,nan,nan,nan,5.3,nan,nan,nan,nan,nan,nan,nan,nan,nan,nan,nan,nan,nan,nan,nan,nan,nan,nan,nan,nan,nan,nan,-0.001829,0.00059,3.1,-0.002085,0.000253,8.25
3200,Phaethon,1.271367884,0.889831121,22.25951171,14.3,nan,6.25,0.15,3.604,nan,nan,308.0,-52.0,322.0,-40.0,nan,nan,nan,nan,0.05,0.34,nan,nan,nan,nan,nan,nan,nan,nan,nan,nan,-0.000901,0.00028,3.22,-0.001005,0.000123,8.19
613862,2007UY1,0.950704281,0.175756505,1.017352687,23.1,nan,nan,nan,nan,nan,nan,nan,nan,nan,nan,nan,nan,nan,nan,nan,nan,nan,nan,nan,nan,nan,nan,nan,nan,nan,nan,nan,nan,nan,-0.007952,0.000975,8.15
162004,1991VE,0.890821004,0.664650283,7.218521189,18.2,nan,nan,nan,13.49,nan,nan,nan,nan,nan,nan,nan,nan,nan,nan,1.08,1.12,nan,nan,nan,nan,nan,nan,nan,nan,nan,nan,0.002173,0.00027,8.05,0.001893,0.000282,6.71
480820,1998VF32,0.850809722,0.443844809,23.744588217,20.84,nan,nan,nan,nan,nan,nan,nan,nan,nan,nan,nan,nan,nan,nan,nan,nan,nan,nan,nan,nan,nan,nan,nan,nan,nan,nan,nan,nan,nan,0.001564,0.000195,8.03
NaN,1996AE2,1.367444118,0.256567585,37.36483962,20.3,nan,nan,nan,nan,nan,nan,nan,nan,nan,nan,nan,nan,nan,nan,nan,nan,nan,nan,nan,nan,nan,nan,nan,nan,nan,nan,nan,nan,nan,0.002161,0.000273,7.91
3361,Orpheus,1.209662179,0.322751829,2.685064208,19.03,nan,0.3,nan,3.533,nan,nan,nan,nan,nan,nan,nan,nan,nan,nan,0.17,0.32,nan,nan,nan,nan,nan,nan,nan,nan,nan,nan,0.000788,0.00011599999999999999,6.79,0.000812,0.000104,7.83
481442,2006WO3,0.799703836,0.447463423,21.21301002,21.6,nan,nan,nan,nan,nan,nan,nan,nan,nan,nan,nan,nan,nan,nan,nan,nan,nan,nan,nan,nan,nan,nan,nan,nan,nan,nan,-0.004173,0.0009,4.64,-0.003493,0.000448,7.8
264357,2000AZ93,0.746936323,0.359931776,8.587967096,21.07,nan,0.113,0.028999999999999998,nan,nan,nan,nan,nan,nan,nan,nan,nan,nan,nan,nan,nan,nan,nan,nan,nan,nan,nan,nan,nan,nan,nan,nan,nan,nan,-0.002693,0.00035,7.7
NaN,2005RZ2,1.10615326,0.103190747,13.161472631,23.3,nan,nan,nan,nan,nan,nan,nan,nan,nan,nan,nan,nan,nan,nan,nan,nan,nan,nan,nan,nan,nan,nan,nan,nan,nan,nan,nan,nan,nan,-0.004928,0.000645,7.64
NaN,1997YM9,1.095891039,0.10404095,7.842512231,24.36,nan,nan,nan,nan,nan,nan,nan,nan,nan,nan,nan,nan,nan,nan,nan,nan,nan,nan,nan,nan,nan,nan,nan,nan,nan,nan,nan,nan,nan,0.004263,0.000559,7.63
NaN,2000AA6,1.286381488,0.519353753,2.031183016,22.1,nan,0.316,0.005,nan,nan,nan,nan,nan,nan,nan,nan,nan,nan,nan,nan,nan,nan,nan,nan,nan,nan,nan,nan,nan,nan,nan,nan,nan,nan,0.007691,0.001016,7.57
,2011PU1,1.306089481,0.246915173,4.347536195,25.6,nan,nan,nan,nan,nan,nan,nan,nan,nan,nan,nan,nan,nan,nan,nan,nan,nan,nan,nan,nan,nan,nan,nan,nan,nan,nan,-0.01486,0.0019649999999999997,7.56,-0.011993,0.001977,6.07
65717,1993BX3,1.395373328,0.280975147,2.808832302,20.75,nan,nan,nan,20.33,nan,nan,nan,nan,nan,nan,nan,nan,nan,nan,0.88,0.91,nan,nan,nan,nan,nan,nan,nan,nan,nan,nan,nan,nan,nan,0.003025,0.000407,7.42
612094,1999NW2,1.116189019,0.108754566,8.679322823,23.27,nan,nan,nan,4.2,nan,nan,nan,nan,nan,nan,nan,nan,nan,nan,nan,nan,nan,nan,nan,nan,nan,nan,nan,nan,nan,nan,nan,nan,nan,-0.003084,0.000416,7.41
85953,1999FK21,0.738741391,0.703071346,12.604978,18.1,nan,0.59,nan,28.08,nan,nan,nan,nan,nan,nan,nan,nan,nan,nan,0.45,0.87,nan,nan,nan,nan,nan,nan,nan,nan,nan,nan,-0.001164,0.00021,5.54,-0.001239,0.000168,7.38
NaN,2008DB,1.05353834,0.232886827,4.223639086,25.8,nan,nan,nan,nan,nan,nan,nan,nan,nan,nan,nan,nan,nan,nan,nan,nan,nan,nan,nan,nan,nan,nan,nan,nan,nan,nan,nan,nan,nan,-0.045528,0.006216,7.32
NaN,1994WR12,0.756962084,0.397346149,6.851556253,22.41,nan,nan,nan,nan,nan,nan,nan,nan,nan,nan,nan,nan,nan,nan,nan,nan,nan,nan,nan,nan,nan,nan,nan,nan,nan,nan,nan,nan,nan,-0.011204,0.001547,7.24
66400,1999LT7,0.855250908,0.572553922,9.065620769,19.1,nan,0.411,0.076,nan,nan,nan,nan,nan,nan,nan,nan,nan,nan,nan,nan,nan,nan,nan,nan,nan,nan,nan,nan,nan,nan,nan,-0.003825,0.00053,7.22,-0.001659,0.00031,5.35
NaN,2012UK171,0.859751202,0.221678698,1.318816481,24.44,nan,nan,nan,nan,nan,nan,nan,nan,nan,nan,nan,nan,nan,nan,nan,nan,nan,nan,nan,nan,nan,nan,nan,nan,nan,nan,nan,nan,nan,-0.002312,0.000324,7.14
499998,2011PT,1.31235352,0.214719064,2.212869727,23.9,nan,nan,nan,0.17,0.05,nan,nan,nan,nan,nan,nan,nan,nan,nan,nan,nan,nan,nan,nan,nan,nan,nan,nan,nan,nan,nan,-0.00913,0.001444,6.32,-0.008239,0.00117,7.04
10302,1989ML,1.272206355,0.136402908,4.378247099,19.4,nan,nan,nan,19.164,nan,nan,nan,nan,nan,nan,nan,nan,nan,nan,1.0,1.13,nan,nan,nan,nan,nan,nan,nan,nan,nan,nan,0.002876,0.000502,5.73,0.001748,0.000249,7.03
467351,2003KO2,0.72738076,0.510953448,23.50037426,20.5,nan,nan,nan,6.48,nan,nan,nan,nan,nan,nan,nan,nan,nan,nan,1.19,1.28,nan,nan,nan,nan,nan,nan,nan,nan,nan,nan,0.006559000000000001,0.001905,3.44,0.002088,0.000304,6.87
350523,2000EA14,1.116989861,0.202555028,3.555331418,21.0,nan,nan,nan,nan,nan,nan,nan,nan,nan,nan,nan,nan,nan,nan,nan,nan,nan,nan,nan,nan,nan,nan,nan,nan,nan,nan,0.002405,0.00073,3.29,0.002764,0.000405,6.82
455176,1999VF22,1.312545949,0.738643584,3.908683548,20.7,nan,nan,nan,nan,nan,nan,nan,nan,nan,nan,nan,nan,nan,nan,nan,nan,nan,nan,nan,nan,nan,nan,nan,nan,nan,nan,-0.003768,0.0007,5.38,-0.004293,0.00063,6.82
,2000CK59,1.479071438,0.312603008,5.689662886,24.1,nan,nan,nan,nan,nan,nan,nan,nan,nan,nan,nan,nan,nan,nan,nan,nan,nan,nan,nan,nan,nan,nan,nan,nan,nan,nan,-0.007448000000000001,0.001462,5.09,-0.007415,0.001094,6.78
422686,2000AC6,0.853657055,0.286428222,4.699622151,21.49,nan,0.17600000000000002,0.005,2.444,nan,nan,nan,nan,nan,nan,nan,nan,nan,nan,nan,nan,nan,nan,nan,nan,nan,nan,nan,nan,nan,nan,nan,nan,nan,0.002071,0.000307,6.74
424392,2007YJ,1.103875473,0.280004873,3.305342599,22.13,nan,0.239,0.077,nan,nan,nan,nan,nan,nan,nan,nan,nan,nan,nan,nan,nan,nan,nan,nan,nan,nan,nan,nan,nan,nan,nan,nan,nan,nan,-0.00718,0.001086,6.61
283457,2001MQ3,2.232131219,0.45627698,5.587193923,19.0,nan,nan,nan,nan,nan,nan,nan,nan,nan,nan,nan,nan,nan,nan,nan,nan,nan,nan,nan,nan,nan,nan,nan,nan,nan,nan,-0.0013800000000000002,0.000493,2.8,-0.001982,0.0003,6.61
NaN,2009EM1,2.51997265,0.558914988,18.118853705,22.9,nan,nan,nan,nan,nan,nan,nan,nan,nan,nan,nan,nan,nan,nan,nan,nan,nan,nan,nan,nan,nan,nan,nan,nan,nan,nan,nan,nan,nan,-0.012316,0.001876,6.57
416151,2002RQ25,1.111672405,0.306357543,4.576223691,20.7,nan,nan,nan,12.191,nan,nan,nan,nan,nan,nan,nan,nan,nan,nan,nan,nan,nan,nan,nan,nan,nan,nan,nan,nan,nan,nan,0.002449,0.000962,2.55,0.002652,0.000409,6.49
152671,1998HL3,1.128844343,0.36596219,2.679578674,20.1,nan,0.298,0.007,nan,nan,nan,nan,nan,nan,nan,nan,nan,nan,nan,nan,nan,nan,nan,nan,nan,nan,nan,nan,nan,nan,nan,-0.003192,0.00093,3.43,-0.002365,0.000366,6.46
595116,2001QE96,1.310787596,0.02803888,7.266788123,22.9,nan,nan,nan,nan,nan,nan,nan,nan,nan,nan,nan,nan,nan,nan,nan,nan,nan,nan,nan,nan,nan,nan,nan,nan,nan,nan,nan,nan,nan,-0.005163,0.000801,6.45
NaN,2018HG2,1.195074297,0.329563451,14.288527503,24.26,nan,nan,nan,nan,nan,nan,nan,nan,nan,nan,nan,nan,nan,nan,nan,nan,nan,nan,nan,nan,nan,nan,nan,nan,nan,nan,nan,nan,nan,-0.018686,0.002905,6.43
348306,2005AY28,0.872363127,0.570166581,5.882331842,21.5,nan,nan,nan,nan,nan,nan,nan,nan,nan,nan,nan,nan,nan,nan,nan,nan,nan,nan,nan,nan,nan,nan,nan,nan,nan,nan,-0.006139,0.001558,3.94,-0.004516,0.00071,6.36
NaN,2012HL31,0.887650352,0.374055265,19.806139923,22.39,nan,nan,nan,nan,nan,nan,nan,nan,nan,nan,nan,nan,nan,nan,nan,nan,nan,nan,nan,nan,nan,nan,nan,nan,nan,nan,nan,nan,nan,-0.006569,0.001033,6.36
216985,2000QK130,1.180595821,0.261810087,4.722223299,21.1,nan,nan,nan,nan,nan,nan,nan,nan,nan,nan,nan,nan,nan,nan,nan,nan,nan,nan,nan,nan,nan,nan,nan,nan,nan,nan,0.004461,0.00078,5.72,0.004276,0.000673,6.35
326354,2000SJ344,1.139910843,0.174510362,5.767003475,22.7,nan,nan,nan,nan,nan,nan,nan,nan,nan,nan,nan,nan,nan,nan,nan,nan,nan,nan,nan,nan,nan,nan,nan,nan,nan,nan,-0.006515000000000001,0.001549,4.21,-0.006386,0.001005,6.35
163023,2001XU1,0.797352436,0.546266699,27.15698274,19.3,nan,nan,nan,nan,nan,nan,nan,nan,nan,nan,nan,nan,nan,nan,nan,nan,nan,nan,nan,nan,nan,nan,nan,nan,nan,nan,0.003425,0.0008900000000000001,3.85,0.003324,0.000527,6.31
138404,2000HA24,1.138952829,0.318673,2.164961306,19.1,nan,nan,nan,3.908,nan,nan,nan,nan,nan,nan,nan,nan,nan,nan,0.19,0.37,nan,nan,nan,nan,nan,nan,nan,nan,nan,nan,0.001995,0.000317,6.29,nan,nan,nan
NaN,2018GY,0.765840278,0.407067047,8.736671956,24.83,nan,nan,nan,nan,nan,nan,nan,nan,nan,nan,nan,nan,nan,nan,nan,nan,nan,nan,nan,nan,nan,nan,nan,nan,nan,nan,nan,nan,nan,-0.022973,0.003677,6.25
506590,2005XB1,1.130933313,0.418805011,8.70873619,22.0,nan,0.099,0.012,nan,nan,nan,nan,nan,nan,nan,nan,nan,nan,nan,nan,nan,nan,nan,nan,nan,nan,nan,nan,nan,nan,nan,0.004488000000000001,0.000849,5.29,0.00541,0.000867,6.24
3908,Nyx,1.927872799,0.458993586,2.185572808,17.3,nan,1.0,0.15,4.426,nan,nan,292.0,71.0,290.0,68.0,nan,nan,nan,nan,0.25,0.46,22.78,0.34,20.98,0.04,20.37,0.03,20.12,0.04,20.77,0.45,0.000986,0.00016299999999999998,6.05,0.000473,8.7e-05,5.46
216523,2001HY7,0.913852028,0.412094837,5.208499317,20.6,nan,nan,nan,nan,nan,nan,nan,nan,nan,nan,nan,nan,nan,nan,nan,nan,nan,nan,nan,nan,nan,nan,nan,nan,nan,nan,0.003133,0.000601,5.21,0.002529,0.000421,6.01
NaN,2015XC352,1.01512668,0.145723478,4.484055363,25.7,nan,nan,nan,nan,nan,nan,nan,nan,nan,nan,nan,nan,nan,nan,nan,nan,nan,nan,nan,nan,nan,nan,nan,nan,nan,nan,nan,nan,nan,-0.033239,0.005555,5.98
4581,Asclepius,1.022636912,0.357052277,4.917322687,20.7,nan,nan,nan,8.008,nan,nan,nan,nan,nan,nan,nan,nan,nan,nan,0.27,0.37,nan,nan,nan,nan,nan,nan,nan,nan,nan,nan,-0.001962,0.000566,3.47,-0.001722,0.000288,5.97
,1999UQ,1.094269848,0.016045805,24.8128605,21.8,nan,nan,nan,nan,nan,nan,nan,nan,nan,nan,nan,nan,nan,nan,nan,nan,nan,nan,nan,nan,nan,nan,nan,nan,nan,nan,-0.004485,0.000762,5.89,-0.004964,0.001422,3.49
154590,2003MA3,1.10534704,0.402204789,1.412937838,21.7,nan,0.086,0.002,nan,nan,nan,nan,nan,nan,nan,nan,nan,nan,nan,nan,nan,nan,nan,nan,nan,nan,nan,nan,nan,nan,nan,-0.003711,0.0006320000000000001,5.87,-0.003601,0.000752,4.79
164207,2004GU9,1.001377997,0.136034177,13.65043548,21.1,nan,0.163,0.008,nan,nan,nan,nan,nan,nan,nan,nan,nan,nan,nan,nan,nan,nan,nan,nan,nan,nan,nan,nan,nan,nan,nan,-0.0030239999999999998,0.001074,2.82,-0.002705,0.000461,5.86
NaN,2005VL1,0.891220201,0.224654726,0.236237757,26.45,nan,nan,nan,nan,nan,nan,nan,nan,nan,nan,nan,nan,nan,nan,nan,nan,nan,nan,nan,nan,nan,nan,nan,nan,nan,nan,nan,nan,nan,-0.010137,0.001733,5.85
388188,2006DP14,1.364942023,0.776271724,11.779636997,19.03,nan,nan,nan,5.77,nan,nan,nan,nan,nan,nan,nan,nan,nan,nan,0.9,1.05,nan,nan,nan,nan,nan,nan,nan,nan,nan,nan,nan,nan,nan,-0.003541,0.000607,5.83
162117,1998SD15,0.932581348,0.34483634,26.79716313,19.0,nan,nan,nan,7.33,nan,nan,nan,nan,nan,nan,nan,nan,nan,nan,nan,nan,nan,nan,nan,nan,nan,nan,nan,nan,nan,nan,-0.0009289999999999999,0.00016,5.81,-0.000865,0.000201,4.3
29075,1950DA,1.698568963,0.507826546,12.1674955,17.1,nan,2.0,0.2,2.122,nan,nan,88.6,77.7,187.4,-89.5,nan,nan,nan,nan,0.16,0.2,nan,nan,nan,nan,nan,nan,nan,nan,nan,nan,-0.000265,5.5e-05,4.82,-0.000311,5.4e-05,5.79
NaN,1998KY26,1.232835405,0.20185946,1.481011105,25.6,nan,0.03,nan,0.178,nan,nan,nan,nan,nan,nan,nan,nan,nan,nan,0.12,0.3,nan,nan,nan,nan,nan,nan,nan,nan,nan,nan,nan,nan,nan,-0.009809,0.001694,5.79
,2005EY169,1.308067524,0.233098655,20.89051625,22.2,nan,nan,nan,nan,nan,nan,nan,nan,nan,nan,nan,nan,nan,nan,nan,nan,nan,nan,nan,nan,nan,nan,nan,nan,nan,nan,-0.005379999999999999,0.00093,5.78,-0.004578,0.001133,4.04
494710,2005MO13,0.863433019,0.410723015,6.316177434,20.8,nan,nan,nan,nan,nan,nan,nan,nan,nan,nan,nan,nan,nan,nan,nan,nan,nan,nan,nan,nan,nan,nan,nan,nan,nan,nan,-0.003106,0.0007099999999999999,4.37,-0.003523,0.000611,5.76
2101,Adonis,1.874841298,0.763996941,1.32247218,18.8,nan,0.6,nan,nan,nan,nan,nan,nan,nan,nan,nan,nan,nan,nan,nan,nan,nan,nan,nan,nan,nan,nan,nan,nan,nan,nan,-0.002543,0.00107,2.38,-0.002435,0.000424,5.75
410777,2009FD,1.163844623,0.493030735,3.127749306,22.1,nan,0.472,nan,4.0,nan,nan,nan,nan,nan,nan,nan,nan,nan,nan,0.24,0.46,nan,nan,nan,nan,nan,nan,nan,nan,nan,nan,0.0038179999999999998,0.00151,2.53,0.004361,0.00076,5.74
138852,2000WN10,1.001184416,0.298294172,21.50664114,20.2,nan,nan,nan,4.462,nan,nan,nan,nan,nan,nan,nan,nan,nan,nan,0.38,0.44,nan,nan,nan,nan,nan,nan,nan,nan,nan,nan,0.00168,0.000364,4.62,0.001747,0.000307,5.69
4034,Vishnu,1.059782692,0.444128155,11.17029425,18.4,nan,0.42,nan,44.4,nan,nan,nan,nan,nan,nan,nan,nan,nan,nan,nan,nan,nan,nan,nan,nan,nan,nan,nan,nan,nan,nan,-0.003403,0.000795,4.28,-0.002034,0.000359,5.67
NaN,2015KJ19,2.079814974,0.745591478,2.546824926,22.5,nan,nan,nan,nan,nan,nan,nan,nan,nan,nan,nan,nan,nan,nan,nan,nan,nan,nan,nan,nan,nan,nan,nan,nan,nan,nan,nan,nan,nan,0.017218,0.003068,5.61
477719,2010SG15,2.079503636,0.476289969,0.827539383,25.2,nan,nan,nan,nan,nan,nan,nan,nan,nan,nan,nan,nan,nan,nan,nan,nan,nan,nan,nan,nan,nan,nan,nan,nan,nan,nan,-0.009056999999999999,0.002843,3.19,-0.006701,0.001226,5.46
310442,2000CH59,0.86298001,0.423289416,3.258383994,19.9,nan,nan,nan,6.054,nan,nan,nan,nan,nan,nan,nan,nan,nan,nan,nan,nan,nan,nan,nan,nan,nan,nan,nan,nan,nan,nan,0.002904,0.000682,4.26,0.002233,0.000412,5.42
NaN,1999SH10,1.097906845,0.130494936,9.58977328,22.75,nan,nan,nan,0.126,nan,nan,nan,nan,nan,nan,nan,nan,nan,nan,nan,nan,nan,nan,nan,nan,nan,nan,nan,nan,nan,nan,nan,nan,nan,-0.002831,0.000526,5.38
8014,1990MF,1.747366086,0.456172344,1.86695281,18.89,nan,0.7,nan,50.09,nan,nan,nan,nan,nan,nan,nan,nan,nan,nan,nan,nan,nan,nan,nan,nan,nan,nan,nan,nan,nan,nan,nan,nan,nan,-0.000938,0.000177,5.29
NaN,2010FX9,1.13120478,0.366850667,3.78170271,24.06,nan,0.03,0.002,nan,nan,nan,nan,nan,nan,nan,nan,nan,nan,nan,nan,nan,nan,nan,nan,nan,nan,nan,nan,nan,nan,nan,nan,nan,nan,-0.011806,0.002241,5.27
162361,2000AF6,0.877759951,0.411347144,2.695305247,20.2,nan,nan,nan,3.456,nan,nan,nan,nan,nan,nan,nan,nan,nan,nan,nan,nan,nan,nan,nan,nan,nan,nan,nan,nan,nan,nan,0.002189,0.00042,5.21,0.002023,0.000431,4.69
NaN,2015LA2,0.883098714,0.280708431,7.72042175,23.0,nan,nan,nan,nan,nan,nan,nan,nan,nan,nan,nan,nan,nan,nan,nan,nan,nan,nan,nan,nan,nan,nan,nan,nan,nan,nan,nan,nan,nan,-0.005883,0.001132,5.2
363505,2003UC20,0.781215644,0.33685236,3.804202883,18.4,nan,1.876,0.037,29.6,nan,nan,nan,nan,nan,nan,nan,nan,nan,nan,nan,nan,nan,nan,nan,nan,nan,nan,nan,nan,nan,nan,-0.000405,7.8e-05,5.19,-0.000353,7.4e-05,4.78
1685,Toro,1.367586472,0.43583711,9.383132279,14.3,nan,3.4,nan,10.2,nan,nan,85.0,-67.0,nan,nan,nan,nan,nan,nan,0.47,1.8,nan,nan,nan,nan,nan,nan,nan,nan,nan,nan,-0.000168,3.8e-05,4.42,-0.000149,2.9e-05,5.18
99907,1989VA,0.728366431,0.594710787,28.79845982,17.9,nan,1.4,nan,2.525,nan,nan,nan,nan,nan,nan,nan,nan,nan,nan,0.22,0.4,nan,nan,nan,nan,nan,nan,nan,nan,nan,nan,0.001271,0.000246,5.17,0.001071,0.000212,5.05
377097,2002WQ4,1.959598915,0.555170046,3.940748953,19.6,nan,nan,nan,36.0,nan,nan,nan,nan,nan,nan,nan,nan,nan,nan,nan,nan,nan,nan,nan,nan,nan,nan,nan,nan,nan,nan,-0.001037,0.000202,5.13,-0.001022,0.000265,3.86
337248,2000RH60,0.825885634,0.551304825,19.64692567,20.1,nan,0.846,0.078,25.2,nan,nan,nan,nan,nan,nan,nan,nan,nan,nan,nan,nan,nan,nan,nan,nan,nan,nan,nan,nan,nan,nan,-0.001745,0.00081,2.15,-0.002373,0.000465,5.11
NaN,2003FY6,0.729816733,0.582109903,6.600174019,22.4,nan,nan,nan,nan,nan,nan,nan,nan,nan,nan,nan,nan,nan,nan,nan,nan,nan,nan,nan,nan,nan,nan,nan,nan,nan,nan,nan,nan,nan,-0.005066,0.001004,5.04
NaN,2008WT62,0.884302653,0.353794375,18.198119423,23.1,nan,nan,nan,nan,nan,nan,nan,nan,nan,nan,nan,nan,nan,nan,nan,nan,nan,nan,nan,nan,nan,nan,nan,nan,nan,nan,nan,nan,nan,-0.015818,0.003142,5.04
NaN,2013BA74,1.754470144,0.444906113,5.22372922,25.4,nan,nan,nan,nan,nan,nan,nan,nan,nan,nan,nan,nan,nan,nan,nan,nan,nan,nan,nan,nan,nan,nan,nan,nan,nan,nan,nan,nan,nan,0.061906,0.012419,4.98
NaN,2002GD10,1.216800832,0.130588574,19.241549465,22.71,nan,nan,nan,0.736,nan,nan,nan,nan,nan,nan,nan,nan,nan,nan,nan,nan,nan,nan,nan,nan,nan,nan,nan,nan,nan,nan,nan,nan,nan,-0.00992,0.002004,4.95
523828,1992BC,1.421479545,0.352436744,14.345388238,19.97,nan,nan,nan,nan,nan,nan,nan,nan,nan,nan,nan,nan,nan,nan,nan,nan,nan,nan,nan,nan,nan,nan,nan,nan,nan,nan,nan,nan,nan,-0.002991,0.000606,4.94
412983,1996FO3,1.442560546,0.290478427,5.816007822,20.25,nan,nan,nan,nan,nan,nan,nan,nan,nan,nan,nan,nan,nan,nan,nan,nan,nan,nan,nan,nan,nan,nan,nan,nan,nan,nan,nan,nan,nan,-0.003154,0.000641,4.92
85774,1998UT18,1.402899507,0.32911839,13.58886607,19.1,nan,0.939,0.007,55.0,nan,nan,nan,nan,nan,nan,nan,nan,nan,nan,0.83,0.86,nan,nan,nan,nan,nan,nan,nan,nan,nan,nan,-0.000267,6.2e-05,4.31,-0.000272,5.6e-05,4.91
455184,2000ED14,0.83498733,0.566655017,13.77819027,20.8,nan,nan,nan,nan,nan,nan,nan,nan,nan,nan,nan,nan,nan,nan,nan,nan,nan,nan,nan,nan,nan,nan,nan,nan,nan,nan,0.0029289999999999997,0.00195,1.5,0.004233,0.000869,4.87
413260,2003TL4,0.77668951,0.381407797,12.18692073,19.4,nan,nan,nan,27.2,nan,nan,nan,nan,nan,nan,nan,nan,nan,nan,nan,nan,nan,nan,nan,nan,nan,nan,nan,nan,nan,nan,-0.002036,0.000576,3.53,-0.00198,0.000409,4.84
NaN,2003GQ22,0.871941875,0.181981243,17.020902815,21.48,nan,nan,nan,nan,nan,nan,nan,nan,nan,nan,nan,nan,nan,nan,nan,nan,nan,nan,nan,nan,nan,nan,nan,nan,nan,nan,nan,nan,nan,0.004526,0.000941,4.81
267759,2003MC7,1.373771248,0.184322178,21.21162744,18.9,nan,nan,nan,nan,nan,nan,nan,nan,nan,nan,nan,nan,nan,nan,nan,nan,nan,nan,nan,nan,nan,nan,nan,nan,nan,nan,-0.001097,0.00035099999999999997,3.13,-0.001096,0.000232,4.73
4688,1980WF,2.23264832,0.517413852,6.373201208,19.4,nan,0.6,nan,nan,nan,nan,nan,nan,nan,nan,nan,nan,nan,nan,nan,nan,nan,nan,nan,nan,nan,nan,nan,nan,nan,nan,-0.0007,0.00055,1.27,-0.001466,0.000311,4.71
523801,1993TQ2,1.985616249,0.418897827,6.038623448,20.0,nan,nan,nan,nan,nan,nan,nan,nan,nan,nan,nan,nan,nan,nan,nan,nan,nan,nan,nan,nan,nan,nan,nan,nan,nan,nan,nan,nan,nan,0.001471,0.000316,4.66
452807,2006KV89,1.149806129,0.272818062,3.55401582,21.38,nan,nan,nan,nan,nan,nan,nan,nan,nan,nan,nan,nan,nan,nan,nan,nan,nan,nan,nan,nan,nan,nan,nan,nan,nan,nan,nan,nan,nan,-0.003793,0.000821,4.62
192559,1998VO,1.074566921,0.226526366,10.0610921,20.3,nan,nan,nan,nan,nan,nan,nan,nan,nan,nan,nan,nan,nan,nan,nan,nan,nan,nan,nan,nan,nan,nan,nan,nan,nan,nan,-0.001425,0.00037999999999999997,3.75,-0.001396,0.000302,4.62
478784,2012UV136,1.007431892,0.139688524,2.10423737,25.6,nan,nan,nan,nan,nan,nan,nan,nan,nan,nan,nan,nan,nan,nan,nan,nan,nan,nan,nan,nan,nan,nan,nan,nan,nan,nan,nan,nan,nan,-0.003264,0.000711,4.59
437841,1998HD14,0.96301693,0.312563886,7.810313593,21.0,nan,nan,nan,nan,nan,nan,nan,nan,nan,nan,nan,nan,nan,nan,nan,nan,nan,nan,nan,nan,nan,nan,nan,nan,nan,nan,-0.003382,0.0009400000000000001,3.6,-0.002298,0.000501,4.59
NaN,2012UU136,1.160122222,0.211834849,35.590471361,21.2,nan,nan,nan,nan,nan,nan,nan,nan,nan,nan,nan,nan,nan,nan,nan,nan,nan,nan,nan,nan,nan,nan,nan,nan,nan,nan,nan,nan,nan,0.006584,0.001441,4.57
474158,1999FA,1.078248321,0.132787949,12.02841629,20.7,nan,nan,nan,10.092,nan,nan,nan,nan,nan,nan,nan,nan,nan,nan,nan,nan,nan,nan,nan,nan,nan,nan,nan,nan,nan,nan,-0.004123,0.0009199999999999999,4.48,-0.003181,0.001107,2.87
NaN,2007RY19,1.107321959,0.253434793,12.63200519,22.64,nan,nan,nan,nan,nan,nan,nan,nan,nan,nan,nan,nan,nan,nan,nan,nan,nan,nan,nan,nan,nan,nan,nan,nan,nan,nan,nan,nan,nan,-0.005521,0.001232,4.48
7336,Saunders,2.304880274,0.481705072,7.197246574,18.8,nan,nan,nan,4.307,nan,nan,nan,nan,nan,nan,nan,nan,nan,nan,0.14,0.31,nan,nan,nan,nan,nan,nan,nan,nan,nan,nan,0.001429,0.00032,4.47,nan,nan,nan
306383,1993VD,0.875815048,0.551488723,2.06764285,21.5,nan,nan,nan,0.943,nan,nan,nan,nan,nan,nan,nan,nan,nan,nan,nan,nan,nan,nan,nan,nan,nan,nan,nan,nan,nan,nan,-0.002218,0.0005,4.44,-0.001117,0.000352,3.17
376879,2001WW1,1.210251628,0.121778268,21.74072514,22.2,nan,nan,nan,nan,nan,nan,nan,nan,nan,nan,nan,nan,nan,nan,nan,nan,nan,nan,nan,nan,nan,nan,nan,nan,nan,nan,-0.0027370000000000003,0.00105,2.61,-0.002465,0.000557,4.43
NaN,2002EW8,1.846973344,0.460212794,11.377754019,23.84,nan,nan,nan,nan,nan,nan,nan,nan,nan,nan,nan,nan,nan,nan,nan,nan,nan,nan,nan,nan,nan,nan,nan,nan,nan,nan,nan,nan,nan,0.006398,0.001456,4.4
413577,2005UL5,0.936332682,0.569849607,14.317578799,20.2,nan,nan,nan,3.459,nan,nan,nan,nan,nan,nan,nan,nan,nan,nan,0.27,0.35,nan,nan,nan,nan,nan,nan,nan,nan,nan,nan,nan,nan,nan,-0.004438,0.001018,4.36
68950,2002QF15,1.057087495,0.34432862,25.15222553,16.4,nan,1.65,0.555,45.24,nan,nan,nan,nan,nan,nan,nan,nan,nan,nan,nan,nan,nan,nan,nan,nan,nan,nan,nan,nan,nan,nan,-0.000618,0.0005,1.24,-0.000299,6.9e-05,4.36
613714,2007DL41,1.457269367,0.47645681,4.672006177,20.82,nan,nan,nan,nan,nan,nan,nan,nan,nan,nan,nan,nan,nan,nan,nan,nan,nan,nan,nan,nan,nan,nan,nan,nan,nan,nan,nan,nan,nan,-0.006187,0.001425,4.34
NaN,2007AM,0.798732495,0.467034356,11.718338386,21.82,nan,nan,nan,nan,nan,nan,nan,nan,nan,nan,nan,nan,nan,nan,nan,nan,nan,nan,nan,nan,nan,nan,nan,nan,nan,nan,nan,nan,nan,-0.004499,0.001042,4.32
136793,1997AQ18,1.147073296,0.465339012,17.37447789,18.3,nan,nan,nan,nan,nan,nan,nan,nan,nan,nan,nan,nan,nan,nan,nan,nan,nan,nan,nan,nan,nan,nan,nan,nan,nan,nan,-0.0022789999999999998,0.00053,4.3,nan,nan,nan
613471,2006RJ1,0.950733901,0.300561961,1.414369467,22.27,nan,nan,nan,nan,nan,nan,nan,nan,nan,nan,nan,nan,nan,nan,nan,nan,nan,nan,nan,nan,nan,nan,nan,nan,nan,nan,nan,nan,nan,-0.007686,0.00179,4.29
297418,2000SP43,0.811517941,0.466792942,10.34568192,18.6,nan,0.407,0.019,6.314,nan,nan,nan,nan,nan,nan,nan,nan,nan,nan,0.98,1.13,nan,nan,nan,nan,nan,nan,nan,nan,nan,nan,-0.0015019999999999999,0.00035,4.29,-0.001231,0.000371,3.32
2100,Ra-Shalom,0.83204761,0.436542644,15.75298265,16.3,nan,2.3,0.2,19.797,nan,nan,292.0,-65.0,nan,nan,nan,nan,nan,nan,0.3,0.61,nan,nan,nan,nan,nan,nan,nan,nan,nan,nan,-0.000267,6.3e-05,4.24,-0.000196,5.4e-05,3.66
NaN,2016CO246,0.99627371,0.126083992,6.298641445,25.8,nan,nan,nan,nan,nan,nan,nan,nan,nan,nan,nan,nan,nan,nan,nan,nan,nan,nan,nan,nan,nan,nan,nan,nan,nan,nan,nan,nan,nan,-0.031653,0.007471,4.24
523605,2004RX10,0.91984733,0.351295217,5.956728498,21.3,nan,nan,nan,nan,nan,nan,nan,nan,nan,nan,nan,nan,nan,nan,nan,nan,nan,nan,nan,nan,nan,nan,nan,nan,nan,nan,-0.002963,0.0007,4.23,nan,nan,nan
242191,2003NZ6,0.793417843,0.492349529,18.24408645,19.0,nan,0.37,0.031,13.531,nan,nan,nan,nan,nan,nan,nan,nan,nan,nan,1.19,1.5,nan,nan,nan,nan,nan,nan,nan,nan,nan,nan,0.002407,0.000837,2.88,0.002002,0.000477,4.2
NaN,2005TG50,0.92258978,0.1351167,2.398847012,24.83,nan,nan,nan,nan,nan,nan,nan,nan,nan,nan,nan,nan,nan,nan,nan,nan,nan,nan,nan,nan,nan,nan,nan,nan,nan,nan,nan,nan,nan,-0.009396,0.002249,4.18
162181,1999LF6,1.409578116,0.280486694,18.94174593,18.2,nan,0.729,0.019,37.26,nan,nan,nan,nan,nan,nan,nan,nan,nan,nan,0.17,0.32,nan,nan,nan,nan,nan,nan,nan,nan,nan,nan,-0.001204,0.00029,4.15,nan,nan,nan
152754,1999GS6,1.191198208,0.497493565,2.020520279,19.1,nan,0.414,0.077,8.021,nan,nan,nan,nan,nan,nan,nan,nan,nan,nan,nan,nan,nan,nan,nan,nan,nan,nan,nan,nan,nan,nan,-0.001114,0.00043,2.59,-0.001391,0.000335,4.15
NaN,2001OT,0.934181633,0.322835872,12.058334232,21.7,nan,nan,nan,nan,nan,nan,nan,nan,nan,nan,nan,nan,nan,nan,nan,nan,nan,nan,nan,nan,nan,nan,nan,nan,nan,nan,nan,nan,nan,0.003797,0.000922,4.12
NaN,2012TC4,1.620440381,0.403723784,0.534889753,26.7,nan,nan,nan,0.204,nan,nan,nan,nan,nan,nan,nan,nan,nan,nan,0.73,1.15,nan,nan,nan,nan,nan,nan,nan,nan,nan,nan,nan,nan,nan,-0.010721,0.002605,4.12
,2001QC34,1.128615998,0.187694547,6.236460905,20.1,nan,nan,nan,nan,nan,nan,nan,nan,nan,nan,nan,nan,nan,nan,nan,nan,nan,nan,nan,nan,nan,nan,nan,nan,nan,nan,-0.003061,0.001091,2.81,-0.001712,0.000416,4.11
256004,2006UP,1.586833477,0.301679888,2.283910647,23.0,nan,nan,nan,nan,nan,nan,nan,nan,nan,nan,nan,nan,nan,nan,nan,nan,nan,nan,nan,nan,nan,nan,nan,nan,nan,nan,-0.006516,0.00195,3.34,-0.007311,0.001788,4.09
614134,2008TC4,0.780332363,0.554536653,10.644611888,21.65,nan,nan,nan,nan,nan,nan,nan,nan,nan,nan,nan,nan,nan,nan,nan,nan,nan,nan,nan,nan,nan,nan,nan,nan,nan,nan,nan,nan,nan,0.004512,0.001104,4.09
NaN,2013GZ7,1.405589867,0.191624185,5.282500205,23.9,nan,nan,nan,nan,nan,nan,nan,nan,nan,nan,nan,nan,nan,nan,nan,nan,nan,nan,nan,nan,nan,nan,nan,nan,nan,nan,nan,nan,nan,-0.002725,0.000667,4.08
230111,2001BE10,0.823108105,0.369199296,17.50733465,19.1,nan,nan,nan,4.194,nan,nan,nan,nan,nan,nan,nan,nan,nan,nan,0.23,0.32,nan,nan,nan,nan,nan,nan,nan,nan,nan,nan,-0.0015609999999999999,0.0005809999999999999,2.69,-0.001385,0.000343,4.04
613398,2006FK,0.922536331,0.343294561,14.614618852,21.26,nan,nan,nan,nan,nan,nan,nan,nan,nan,nan,nan,nan,nan,nan,nan,nan,nan,nan,nan,nan,nan,nan,nan,nan,nan,nan,nan,nan,nan,0.003286,0.000814,4.04
NaN,2004FH,0.818547503,0.288467786,0.021391708,25.7,nan,nan,nan,0.05,nan,nan,nan,nan,nan,nan,nan,nan,nan,nan,0.75,1.16,nan,nan,nan,nan,nan,nan,nan,nan,nan,nan,nan,nan,nan,0.008544,0.002117,4.04
NaN,2002VU114,1.180401543,0.285708262,2.776369401,22.8,nan,nan,nan,nan,nan,nan,nan,nan,nan,nan,nan,nan,nan,nan,nan,nan,nan,nan,nan,nan,nan,nan,nan,nan,nan,nan,nan,nan,nan,-0.004722,0.00117,4.03
65679,1989UQ,0.915100584,0.264731608,1.299319043,19.5,nan,0.918,0.01,7.746,nan,nan,nan,nan,nan,nan,nan,nan,nan,nan,0.25,0.36,nan,nan,nan,nan,nan,nan,nan,nan,nan,nan,-0.001916,0.00049,3.91,-0.001969,0.000492,4.0
,2008CE119,1.211133458,0.177633131,7.74520314,25.7,nan,nan,nan,nan,nan,nan,nan,nan,nan,nan,nan,nan,nan,nan,nan,nan,nan,nan,nan,nan,nan,nan,nan,nan,nan,nan,-0.005716,0.001436,3.98,-0.008036,0.002236,3.59
408982,2002SP,0.904588916,0.60055348,20.853386087,20.65,nan,nan,nan,nan,nan,nan,nan,nan,nan,nan,nan,nan,nan,nan,nan,nan,nan,nan,nan,nan,nan,nan,nan,nan,nan,nan,nan,nan,nan,0.002842,0.000716,3.97
152828,1999VT25,1.162235429,0.52324952,5.149530806,21.1,nan,nan,nan,nan,nan,nan,nan,nan,nan,nan,nan,nan,nan,nan,nan,nan,nan,nan,nan,nan,nan,nan,nan,nan,nan,nan,nan,nan,nan,0.003841,0.000968,3.97
NaN,2002AY1,0.77897397,0.437364096,29.89228621,20.94,nan,nan,nan,nan,nan,nan,nan,nan,nan,nan,nan,nan,nan,nan,nan,nan,nan,nan,nan,nan,nan,nan,nan,nan,nan,nan,nan,nan,nan,0.003863,0.000981,3.94
NaN,2016JE,0.821857734,0.472149524,16.675873282,21.88,nan,nan,nan,nan,nan,nan,nan,nan,nan,nan,nan,nan,nan,nan,nan,nan,nan,nan,nan,nan,nan,nan,nan,nan,nan,nan,nan,nan,nan,-0.008139,0.002071,3.93
525484,2005GL,1.056285823,0.306300472,15.896277668,21.28,nan,nan,nan,nan,nan,nan,nan,nan,nan,nan,nan,nan,nan,nan,nan,nan,nan,nan,nan,nan,nan,nan,nan,nan,nan,nan,nan,nan,nan,-0.005403,0.001384,3.9
416002,2002BN,0.875023037,0.546352636,27.754252747,20.38,nan,nan,nan,nan,nan,nan,nan,nan,nan,nan,nan,nan,nan,nan,nan,nan,nan,nan,nan,nan,nan,nan,nan,nan,nan,nan,nan,nan,nan,-0.003594,0.000926,3.88
232691,2004AR1,1.576016198,0.469444253,9.077384445,19.8,nan,nan,nan,nan,nan,nan,nan,nan,nan,nan,nan,nan,nan,nan,nan,nan,nan,nan,nan,nan,nan,nan,nan,nan,nan,nan,-0.005045,0.0013160000000000001,3.83,nan,nan,nan
NaN,2014QH33,1.085303387,0.184872371,2.832129489,24.44,nan,nan,nan,nan,nan,nan,nan,nan,nan,nan,nan,nan,nan,nan,nan,nan,nan,nan,nan,nan,nan,nan,nan,nan,nan,nan,nan,nan,nan,-0.007525,0.001969,3.82
265482,2005EE,1.12903659,0.327719756,6.172856921,21.2,nan,nan,nan,2.653,nan,nan,nan,nan,nan,nan,nan,nan,nan,nan,nan,nan,nan,nan,nan,nan,nan,nan,nan,nan,nan,nan,0.004207,0.001102,3.82,nan,nan,nan
136818,Selqet,0.937513408,0.346365049,12.77858389,18.9,nan,nan,nan,nan,nan,nan,nan,nan,nan,nan,nan,nan,nan,nan,nan,nan,nan,nan,nan,nan,nan,nan,nan,nan,nan,nan,0.001218,0.00032,3.81,nan,nan,nan
203471,2002AU4,0.855431312,0.373575213,17.18557333,19.4,nan,nan,nan,13.26,nan,nan,nan,nan,nan,nan,nan,nan,nan,nan,1.32,1.36,nan,nan,nan,nan,nan,nan,nan,nan,nan,nan,-0.001361,0.00075,1.81,-0.002488,0.000656,3.79
613286,2005YQ96,0.743420107,0.3335054,22.224618812,20.62,nan,nan,nan,nan,nan,nan,nan,nan,nan,nan,nan,nan,nan,nan,nan,nan,nan,nan,nan,nan,nan,nan,nan,nan,nan,nan,nan,nan,nan,-0.002303,0.000612,3.77
425755,2011CP4,0.911466172,0.870276115,9.442594214,21.2,nan,nan,nan,nan,nan,nan,nan,nan,nan,nan,nan,nan,nan,nan,nan,nan,nan,nan,nan,nan,nan,nan,nan,nan,nan,nan,0.009646,0.002565,3.76,0.009765,0.003172,3.08
483459,2002EM6,1.15974331,0.14133459,31.75869306,20.2,nan,nan,nan,nan,nan,nan,nan,nan,nan,nan,nan,nan,nan,nan,nan,nan,nan,nan,nan,nan,nan,nan,nan,nan,nan,nan,0.001842,0.0007700000000000001,2.39,0.001592,0.000424,3.75
313276,2002AX1,0.879937577,0.541747165,33.000614465,19.76,nan,nan,nan,131.0,nan,nan,nan,nan,nan,nan,nan,nan,nan,nan,nan,nan,nan,nan,nan,nan,nan,nan,nan,nan,nan,nan,nan,nan,nan,0.002083,0.000556,3.74
446924,2002VV17,0.83749743,0.436562255,9.69906353,20.2,nan,nan,nan,nan,nan,nan,nan,nan,nan,nan,nan,nan,nan,nan,nan,nan,nan,nan,nan,nan,nan,nan,nan,nan,nan,nan,-0.0016,0.0006900000000000001,2.32,-0.001703,0.000457,3.72
526798,2007AA9,0.85820388,0.420445665,6.793129119,22.4,nan,nan,nan,nan,nan,nan,nan,nan,nan,nan,nan,nan,nan,nan,nan,nan,nan,nan,nan,nan,nan,nan,nan,nan,nan,nan,-0.006886,0.00359,1.92,-0.006536,0.001767,3.7
612358,2002JE9,1.066157452,0.416488215,8.77319152,21.38,nan,nan,nan,nan,nan,nan,nan,nan,nan,nan,nan,nan,nan,nan,nan,nan,nan,nan,nan,nan,nan,nan,nan,nan,nan,nan,nan,nan,nan,-0.005352,0.001449,3.69
NaN,2003YS17,0.930233196,0.312918225,6.527856272,21.6,nan,nan,nan,nan,nan,nan,nan,nan,nan,nan,nan,nan,nan,nan,nan,nan,nan,nan,nan,nan,nan,nan,nan,nan,nan,nan,nan,nan,nan,-0.004282,0.001166,3.67
322756,2001CK32,0.725005106,0.38257367,8.132537777,19.0,nan,nan,nan,nan,nan,nan,nan,nan,nan,nan,nan,nan,nan,nan,nan,nan,nan,nan,nan,nan,nan,nan,nan,nan,nan,nan,-0.001503,0.00143,1.05,-0.00136,0.000371,3.66
397326,2006TC1,1.720047328,0.375297305,4.495986271,18.9,nan,nan,nan,nan,nan,nan,nan,nan,nan,nan,nan,nan,nan,nan,nan,nan,nan,nan,nan,nan,nan,nan,nan,nan,nan,nan,0.001268,0.000348,3.64,0.001044,0.000334,3.13
208023,1999AQ10,0.934278209,0.235674574,6.499040542,20.5,nan,nan,nan,2.67,nan,nan,nan,nan,nan,nan,nan,nan,nan,nan,0.09,0.2,nan,nan,nan,nan,nan,nan,nan,nan,nan,nan,-0.002066,0.0005679999999999999,3.64,nan,nan,nan
5604,1992FE,0.928586741,0.406006799,4.71535639,17.2,nan,0.55,nan,5.338,nan,nan,nan,nan,nan,nan,nan,nan,nan,nan,0.1,0.21,nan,nan,nan,nan,nan,nan,nan,nan,nan,nan,-0.001268,0.000349,3.63,-0.001399,0.000425,3.29
325102,2008EY5,0.626200905,0.626816479,5.109238107,20.1,nan,0.361,0.006,nan,nan,nan,nan,nan,nan,nan,nan,nan,nan,nan,nan,nan,nan,nan,nan,nan,nan,nan,nan,nan,nan,nan,nan,nan,nan,-0.004586,0.001272,3.61
350751,2002AW,1.070859162,0.256311603,0.574558774,20.83,nan,nan,nan,nan,nan,nan,nan,nan,nan,nan,nan,nan,nan,nan,nan,nan,nan,nan,nan,nan,nan,nan,nan,nan,nan,nan,nan,nan,nan,-0.001821,0.000508,3.59
162783,2000YJ11,1.312940921,0.231885347,7.26321217,20.7,nan,nan,nan,nan,nan,nan,nan,nan,nan,nan,nan,nan,nan,nan,nan,nan,nan,nan,nan,nan,nan,nan,nan,nan,nan,nan,-0.004985,0.00165,3.02,-0.003437,0.000962,3.57
337252,2000SD8,1.128779366,0.313658605,6.547842354,20.7,nan,nan,nan,nan,nan,nan,nan,nan,nan,nan,nan,nan,nan,nan,nan,nan,nan,nan,nan,nan,nan,nan,nan,nan,nan,nan,-0.003276,0.0009199999999999999,3.56,nan,nan,nan
491007,2011GL62,1.140160559,0.706890524,15.693902194,19.57,nan,nan,nan,nan,nan,nan,nan,nan,nan,nan,nan,nan,nan,nan,nan,nan,nan,nan,nan,nan,nan,nan,nan,nan,nan,nan,nan,nan,nan,-0.004747,0.001347,3.52
,1999SK10,1.764058112,0.441791998,6.960353016,19.7,nan,nan,nan,nan,nan,nan,nan,nan,nan,nan,nan,nan,nan,nan,nan,nan,nan,nan,nan,nan,nan,nan,nan,nan,nan,nan,-0.0018210000000000001,0.000685,2.66,-0.001872,0.000532,3.52
153814,2001WN5,1.711795519,0.467054914,1.919164872,18.3,nan,0.932,0.011,4.253,nan,nan,nan,nan,nan,nan,nan,nan,nan,nan,0.16,0.63,nan,nan,nan,nan,nan,nan,nan,nan,nan,nan,0.0034100000000000003,0.0009699999999999999,3.52,nan,nan,nan
474163,1999SO5,1.085983525,0.065198774,13.36488476,20.9,nan,nan,nan,1.38,nan,nan,nan,nan,nan,nan,nan,nan,nan,nan,nan,nan,nan,nan,nan,nan,nan,nan,nan,nan,nan,nan,-0.0032689999999999998,0.001137,2.88,-0.004015,0.001145,3.51
153201,2000WO107,0.911517596,0.780703741,7.77028381,19.3,nan,0.51,0.083,nan,nan,5.022,nan,nan,nan,nan,nan,nan,nan,nan,1.02,1.24,nan,nan,nan,nan,nan,nan,nan,nan,nan,nan,-0.002437,0.0012699999999999999,1.92,-0.001826,0.000522,3.5
525268,2004XL14,0.759582737,0.410341659,21.462122197,21.3,nan,nan,nan,nan,nan,nan,nan,nan,nan,nan,nan,nan,nan,nan,nan,nan,nan,nan,nan,nan,nan,nan,nan,nan,nan,nan,nan,nan,nan,-0.002702,0.000779,3.47
136582,1992BA,1.341778965,0.067828032,10.49794588,19.9,nan,nan,nan,nan,nan,nan,nan,nan,nan,nan,nan,nan,nan,nan,nan,nan,nan,nan,nan,nan,nan,nan,nan,nan,nan,nan,-0.0020399999999999997,0.00059,3.46,-0.00198,0.000614,3.23
523590,2001QC96,1.335660907,0.379604413,20.587124793,21.0,nan,nan,nan,nan,nan,nan,nan,nan,nan,nan,nan,nan,nan,nan,nan,nan,nan,nan,nan,nan,nan,nan,nan,nan,nan,nan,nan,nan,nan,-0.003629,0.001055,3.44
37655,Illapa,1.477699446,0.7526713,18.0225122,17.8,nan,nan,nan,2.656,nan,nan,nan,nan,nan,nan,nan,nan,nan,nan,0.08,0.11,nan,nan,nan,nan,nan,nan,nan,nan,nan,nan,-0.001167,0.00036,3.24,-0.000942,0.000274,3.44
NaN,2005QQ87,1.000977288,0.301712202,33.971198881,22.7,nan,nan,nan,nan,nan,nan,nan,nan,nan,nan,nan,nan,nan,nan,nan,nan,nan,nan,nan,nan,nan,nan,nan,nan,nan,nan,nan,nan,nan,-0.004587,0.001335,3.44
251732,1998HG49,1.200521585,0.112461571,4.19507254,21.6,nan,nan,nan,nan,nan,nan,nan,nan,nan,nan,nan,nan,nan,nan,nan,nan,nan,nan,nan,nan,nan,nan,nan,nan,nan,nan,nan,nan,nan,-0.004078,0.001204,3.39
357622,2005EY95,1.083617515,0.53826087,3.169398394,20.34,nan,nan,nan,3.925,nan,nan,nan,nan,nan,nan,nan,nan,nan,nan,nan,nan,nan,nan,nan,nan,nan,nan,nan,nan,nan,nan,nan,nan,nan,-0.002743,0.000819,3.35
NaN,2000AH205,1.145774281,0.40628799,2.58216227,22.6,nan,nan,nan,nan,nan,nan,nan,nan,nan,nan,nan,nan,nan,nan,nan,nan,nan,nan,nan,nan,nan,nan,nan,nan,nan,nan,nan,nan,nan,-0.00761,0.002275,3.35
526826,2007CA27,0.865678102,0.343692233,29.971286323,21.3,nan,nan,nan,nan,nan,17.11,nan,nan,nan,nan,nan,nan,nan,nan,nan,nan,nan,nan,nan,nan,nan,nan,nan,nan,nan,nan,nan,nan,nan,-0.006484,0.001939,3.34
334412,2002EZ2,1.249178614,0.045991917,13.02436274,20.2,nan,nan,nan,nan,nan,34.077,nan,nan,nan,nan,nan,nan,nan,nan,nan,nan,nan,nan,nan,nan,nan,nan,nan,nan,nan,nan,-0.001902,0.0007099999999999999,2.68,-0.001898,0.00057,3.33
163899,2003SD220,0.827399189,0.209758511,8.546672398,17.65,nan,0.7909999999999999,0.025,285.0,nan,nan,nan,nan,nan,nan,nan,nan,nan,nan,1.39,2.5,nan,nan,nan,nan,nan,nan,nan,nan,nan,nan,nan,nan,nan,-0.00067,0.000202,3.33
2063,Bacchus,1.078099129,0.349507931,9.431132049,17.3,nan,1.024,0.02,14.904,nan,nan,24.0,-26.0,nan,nan,nan,nan,nan,nan,0.22,0.42,nan,nan,nan,nan,nan,nan,nan,nan,nan,nan,-0.000697,0.00021,3.32,nan,nan,nan
351545,2005TE15,1.204272697,0.34362463,13.12871914,19.7,nan,nan,nan,nan,nan,nan,nan,nan,nan,nan,nan,nan,nan,nan,nan,nan,nan,nan,nan,nan,nan,nan,nan,nan,nan,nan,-0.002673,0.0016699999999999998,1.6,-0.002485,0.000752,3.3
344074,1997UH9,0.8300224,0.474726405,25.49024423,18.8,nan,nan,nan,nan,nan,nan,nan,nan,nan,nan,nan,nan,nan,nan,nan,nan,nan,nan,nan,nan,nan,nan,nan,nan,nan,nan,0.0032340000000000003,0.00098,3.3,nan,nan,nan
7341,1991VK,1.842120155,0.506593138,5.419121587,16.7,nan,0.982,0.316,4.21,nan,nan,nan,nan,nan,nan,nan,nan,nan,nan,0.21,0.7,nan,nan,nan,nan,nan,nan,nan,nan,nan,nan,-0.000254,7.7e-05,3.3,-0.000227,7.7e-05,2.97
162694,2000UH11,0.870288255,0.422375527,32.22543872,19.6,nan,nan,nan,nan,nan,nan,nan,nan,nan,nan,nan,nan,nan,nan,nan,nan,nan,nan,nan,nan,nan,nan,nan,nan,nan,nan,-0.003062,0.00093,3.29,nan,nan,nan
NaN,2003MS2,1.042144273,0.126297332,20.025910127,21.21,nan,nan,nan,7.0,nan,nan,20.0,nan,200.0,nan,nan,nan,nan,nan,nan,nan,nan,nan,nan,nan,nan,nan,nan,nan,nan,nan,nan,nan,nan,-0.002751,0.000837,3.29
NaN,2016GE1,2.06340773,0.520324596,10.727661301,26.7,nan,nan,nan,0.009,nan,nan,nan,nan,nan,nan,nan,nan,nan,nan,nan,nan,nan,nan,nan,nan,nan,nan,nan,nan,nan,nan,nan,nan,nan,-0.058329,0.017748,3.29
25143,Itokawa,1.324113867,0.280145437,1.621262666,19.0,nan,0.33,nan,12.132,nan,nan,320.0,-75.0,nan,nan,nan,nan,nan,nan,0.69,1.45,nan,nan,nan,nan,nan,nan,nan,nan,nan,nan,nan,nan,nan,-0.001111,0.000338,3.28
85770,1998UP1,0.998098024,0.345187688,33.17889423,20.5,nan,nan,nan,nan,nan,nan,nan,nan,nan,nan,nan,nan,nan,nan,nan,nan,nan,nan,nan,nan,nan,nan,nan,nan,nan,nan,-0.001656,0.00056,2.96,-0.002391,0.000729,3.28
NaN,2007US12,0.90613355,0.514613075,8.803723553,22.13,nan,nan,nan,nan,nan,nan,nan,nan,nan,nan,nan,nan,nan,nan,nan,nan,nan,nan,nan,nan,nan,nan,nan,nan,nan,nan,nan,nan,nan,-0.006988,0.002137,3.27
450300,2004QD14,0.941698603,0.337847261,6.24818793,20.5,nan,nan,nan,nan,nan,nan,nan,nan,nan,nan,nan,nan,nan,nan,nan,nan,nan,nan,nan,nan,nan,nan,nan,nan,nan,nan,-0.005761,0.0017649999999999999,3.26,nan,nan,nan
NaN,2016UW80,1.164345188,0.16934806,12.987774883,23.91,nan,nan,nan,nan,nan,nan,nan,nan,nan,nan,nan,nan,nan,nan,nan,nan,nan,nan,nan,nan,nan,nan,nan,nan,nan,nan,nan,nan,nan,-0.008165,0.002505,3.26
396593,2001HC,0.874590887,0.499347474,23.73709959,19.0,nan,nan,nan,3.188,nan,nan,nan,nan,nan,nan,nan,nan,nan,nan,0.35,0.37,nan,nan,nan,nan,nan,nan,nan,nan,nan,nan,0.0013859999999999999,0.0005,2.77,0.001698,0.000523,3.25
1620,Geographos,1.245666864,0.335454802,13.33704335,15.3,nan,2.56,0.15,5.222,nan,nan,58.0,-49.0,nan,nan,nan,nan,nan,nan,0.95,2.03,nan,nan,nan,nan,nan,nan,nan,nan,nan,nan,-6.8e-05,5e-05,1.36,-0.000134,4.1e-05,3.23
NaN,2014QL390,2.084854039,0.402521045,3.589340275,22.1,nan,nan,nan,nan,nan,nan,nan,nan,nan,nan,nan,nan,nan,nan,nan,nan,nan,nan,nan,nan,nan,nan,nan,nan,nan,nan,nan,nan,nan,-0.005315,0.00165,3.22
138947,2001BA40,1.118836741,0.253681132,12.844873993,18.82,nan,0.447,0.124,nan,nan,nan,nan,nan,nan,nan,nan,nan,nan,nan,nan,nan,nan,nan,nan,nan,nan,nan,nan,nan,nan,nan,nan,nan,nan,-0.001817,0.000568,3.2
277810,2006FV35,1.001450555,0.377514934,7.10403227,21.74,nan,nan,nan,nan,nan,nan,nan,nan,nan,nan,nan,nan,nan,nan,nan,nan,nan,nan,nan,nan,nan,nan,nan,nan,nan,nan,nan,nan,nan,0.002079,0.000654,3.18
NaN,2016AG193,1.310642905,0.197000065,28.801436434,23.52,nan,nan,nan,nan,nan,nan,nan,nan,nan,nan,nan,nan,nan,nan,nan,nan,nan,nan,nan,nan,nan,nan,nan,nan,nan,nan,nan,nan,nan,-0.011093,0.003494,3.17
162080,1998DG16,0.896673826,0.358173203,16.20746445,19.9,nan,0.777,0.063,nan,nan,nan,nan,nan,nan,nan,nan,nan,nan,nan,nan,nan,nan,nan,nan,nan,nan,nan,nan,nan,nan,nan,-0.0019510000000000003,0.000661,2.95,-0.001416,0.000448,3.16
152664,1998FW4,2.526204728,0.713734939,3.422889297,19.68,nan,nan,nan,17.38,nan,nan,nan,nan,nan,nan,nan,nan,nan,nan,0.34,0.62,nan,nan,nan,nan,nan,nan,nan,nan,nan,nan,nan,nan,nan,0.001031,0.000326,3.16
22753,1998WT,1.218981558,0.569823656,3.204224716,17.69,nan,nan,nan,10.24,nan,nan,nan,nan,nan,nan,nan,nan,nan,nan,nan,nan,nan,nan,nan,nan,nan,nan,nan,nan,nan,nan,nan,nan,nan,-0.001035,0.000328,3.15
474179,1999VS6,1.19762914,0.223058849,27.971143644,19.07,nan,nan,nan,15.88,nan,nan,nan,nan,nan,nan,nan,nan,nan,nan,0.33,0.51,nan,nan,nan,nan,nan,nan,nan,nan,nan,nan,nan,nan,nan,-0.001718,0.000547,3.14
252399,2001TX44,0.874751114,0.545900953,15.20983287,19.4,nan,0.291,0.069,nan,nan,nan,nan,nan,nan,nan,nan,nan,nan,nan,nan,nan,nan,nan,nan,nan,nan,nan,nan,nan,nan,nan,-0.0036799999999999997,0.00118,3.12,nan,nan,nan
NaN,2003FF5,1.369642487,0.30388553,6.338277568,23.3,nan,nan,nan,nan,nan,nan,nan,nan,nan,nan,nan,nan,nan,nan,nan,nan,nan,nan,nan,nan,nan,nan,nan,nan,nan,nan,nan,nan,nan,-0.002857,0.000917,3.12
465617,2009EK1,1.240751232,0.229061378,9.125767286,21.4,nan,nan,nan,nan,nan,nan,nan,nan,nan,nan,nan,nan,nan,nan,nan,nan,nan,nan,nan,nan,nan,nan,nan,nan,nan,nan,nan,nan,nan,-0.006394,0.002055,3.11
470975,2009SC15,1.265646328,0.179462384,6.844979789,21.4,nan,nan,nan,10.354,nan,nan,nan,nan,nan,nan,nan,nan,nan,nan,nan,nan,nan,nan,nan,nan,nan,nan,nan,nan,nan,nan,nan,nan,nan,-0.004812,0.001555,3.1
417210,2005XV77,0.784217219,0.414239402,16.848471296,20.54,nan,nan,nan,nan,nan,nan,nan,nan,nan,nan,nan,nan,nan,nan,nan,nan,nan,nan,nan,nan,nan,nan,nan,nan,nan,nan,nan,nan,nan,-0.001653,0.000537,3.08
234341,2001FZ57,0.944172907,0.604274631,20.669379111,18.93,nan,0.344,0.055,nan,nan,nan,nan,nan,nan,nan,nan,nan,nan,nan,nan,nan,nan,nan,nan,nan,nan,nan,nan,nan,nan,nan,nan,nan,nan,-0.001918,0.000623,3.08
NaN,2012BA35,1.070655598,0.115932702,5.806361687,23.75,nan,nan,nan,nan,nan,nan,nan,nan,nan,nan,nan,nan,nan,nan,nan,nan,nan,nan,nan,nan,nan,nan,nan,nan,nan,nan,nan,nan,nan,-0.006062,0.001984,3.05
NaN,2003MK4,1.080299387,0.181203839,22.316778885,20.9,nan,nan,nan,nan,nan,nan,nan,nan,nan,nan,nan,nan,nan,nan,nan,nan,nan,nan,nan,nan,nan,nan,nan,nan,nan,nan,nan,nan,nan,-0.003382,0.00112,3.02
358453,2007EH88,1.122688534,0.441190679,12.09113767,19.9,nan,nan,nan,nan,nan,nan,nan,nan,nan,nan,nan,nan,nan,nan,nan,nan,nan,nan,nan,nan,nan,nan,nan,nan,nan,nan,-0.005007999999999999,0.0016600000000000002,3.02,nan,nan,nan
162142,1998VR,0.875465525,0.317876263,21.80617545,18.7,nan,0.462,0.172,8.44,nan,nan,nan,nan,nan,nan,nan,nan,nan,nan,nan,nan,nan,nan,nan,nan,nan,nan,nan,nan,nan,nan,0.0009050000000000001,0.0003,3.02,nan,nan,nan
253062,2002TC70,1.368525806,0.19645119,2.147494344,21.0,nan,nan,nan,26.273,nan,nan,nan,nan,nan,nan,nan,nan,nan,nan,nan,nan,nan,nan,nan,nan,nan,nan,nan,nan,nan,nan,-0.002723,0.0009400000000000001,2.9,nan,nan,nan
,2002LY1,0.955446766,0.378573002,2.894486551,22.3,nan,nan,nan,3.204,nan,nan,nan,nan,nan,nan,nan,nan,nan,nan,nan,nan,nan,nan,nan,nan,nan,nan,nan,nan,nan,nan,-0.008431000000000001,0.00293,2.88,nan,nan,nan
6456,Golombek,2.192896066,0.409329638,8.225273048,15.9,nan,nan,nan,2.501,nan,nan,nan,nan,nan,nan,nan,nan,nan,nan,0.1,0.14,22.95,0.49,21.5,0.05,20.95,0.05,20.66,0.04,20.66,0.17,-0.001408,0.00049,2.87,nan,nan,nan
215588,2003HF2,1.113852743,0.67539531,3.055259379,19.4,nan,0.488,0.158,nan,nan,nan,nan,nan,nan,nan,nan,nan,nan,nan,nan,nan,nan,nan,nan,nan,nan,nan,nan,nan,nan,nan,-0.005853,0.002043,2.86,nan,nan,nan
54509,YORP,1.00004188,0.229915281,1.833144652,22.7,nan,nan,nan,0.203,nan,nan,180.0,-85.0,nan,nan,nan,nan,nan,nan,0.77,0.89,nan,nan,nan,nan,nan,nan,nan,nan,nan,nan,-0.0033450000000000003,0.00134,2.5,-0.003924,0.001376,2.85
31221,1998BP26,1.723132973,0.257018463,20.22066397,17.2,nan,nan,nan,2.407,nan,nan,nan,nan,nan,nan,nan,nan,nan,nan,0.07,0.14,nan,nan,nan,nan,nan,nan,nan,nan,nan,nan,-0.0017059999999999998,0.00061,2.8,nan,nan,nan
7753,1988XB,1.467029915,0.481667628,3.124607222,17.96,nan,nan,nan,42.2,nan,nan,nan,nan,nan,nan,nan,nan,nan,nan,nan,nan,nan,nan,nan,nan,nan,nan,nan,nan,nan,nan,nan,nan,nan,-0.000474,0.000172,2.76
,2007PB8,0.880441417,0.44515435,16.55976889,20.9,nan,nan,nan,nan,nan,nan,nan,nan,nan,nan,nan,nan,nan,nan,nan,nan,nan,nan,nan,nan,nan,nan,nan,nan,nan,nan,-0.009077,0.0033009999999999997,2.75,nan,nan,nan
398188,Agni,0.864331206,0.273453965,13.2491076,19.4,nan,0.462,0.006,21.99,nan,nan,nan,nan,nan,nan,nan,nan,nan,nan,nan,nan,nan,nan,nan,nan,nan,nan,nan,nan,nan,nan,-0.002874,0.00106,2.71,nan,nan,nan
137125,1999CT3,1.426780971,0.131875129,34.23635275,18.7,nan,nan,nan,nan,nan,nan,nan,nan,nan,nan,nan,nan,nan,nan,nan,nan,nan,nan,nan,nan,nan,nan,nan,nan,nan,nan,-0.005644,0.00209,2.7,nan,nan,nan
175706,1996FG3,1.053809166,0.34971208,1.99121027,18.4,nan,1.196,0.362,3.594,nan,nan,242.0,-84.0,nan,nan,nan,nan,nan,nan,0.04,0.2,nan,nan,nan,nan,nan,nan,nan,nan,nan,nan,-0.0013130000000000001,0.00056,2.34,-0.000945,0.000352,2.69
412976,1987WC,1.362269935,0.233861332,15.8447325,19.8,nan,nan,nan,nan,nan,nan,nan,nan,nan,nan,nan,nan,nan,nan,nan,nan,nan,nan,nan,nan,nan,nan,nan,nan,nan,nan,0.003295,0.00123,2.68,nan,nan,nan
338292,2002UA31,0.798774305,0.487100765,30.70385158,19.0,nan,nan,nan,nan,nan,2.556,nan,nan,nan,nan,nan,nan,nan,nan,nan,nan,nan,nan,nan,nan,nan,nan,nan,nan,nan,nan,-0.002229,0.00084,2.65,nan,nan,nan
192563,1998WZ6,1.452173519,0.407792729,24.75523032,17.3,nan,nan,nan,nan,nan,nan,nan,nan,nan,nan,nan,nan,nan,nan,nan,nan,nan,nan,nan,nan,nan,nan,nan,nan,nan,nan,-0.002006,0.0007599999999999999,2.64,nan,nan,nan
65803,Didymos,1.644206918,0.383848223,3.407952386,18.07,nan,0.78,0.08,2.259,nan,nan,310.0,-84.0,nan,nan,nan,nan,nan,nan,nan,nan,nan,nan,nan,nan,nan,nan,nan,nan,nan,nan,nan,nan,nan,-0.000732,0.000281,2.61
136993,1998ST49,2.308493345,0.59524774,24.48193391,17.7,nan,nan,nan,2.302,nan,nan,nan,nan,nan,nan,nan,nan,nan,nan,0.11,0.15,nan,nan,nan,nan,nan,nan,nan,nan,nan,nan,0.0026079999999999996,0.00101,2.58,nan,nan,nan
137084,1998XS16,1.212305446,0.496623874,26.5567416,16.4,nan,1.228,0.035,5.419,nan,nan,nan,nan,nan,nan,nan,nan,nan,nan,0.9,1.3,nan,nan,nan,nan,nan,nan,nan,nan,nan,nan,-0.001779,0.0007,2.54,nan,nan,nan
267940,2004EM20,1.105421265,0.524043589,14.13723185,20.3,nan,nan,nan,2.419,nan,nan,nan,nan,nan,nan,nan,nan,nan,nan,nan,nan,nan,nan,nan,nan,nan,nan,nan,nan,nan,nan,-0.002561,0.00101,2.54,nan,nan,nan
503941,2003UV11,1.453425579,0.762899417,5.92435159,19.5,nan,0.26,0.003,18.25,nan,nan,nan,nan,nan,nan,nan,nan,nan,nan,0.27,0.55,nan,nan,nan,nan,nan,nan,nan,nan,nan,nan,0.000562,0.00022200000000000003,2.53,nan,nan,nan
471240,2011BT15,1.292908747,0.302464377,1.661416538,21.7,nan,nan,nan,0.109,nan,nan,nan,nan,nan,nan,nan,nan,nan,nan,nan,nan,nan,nan,nan,nan,nan,nan,nan,nan,nan,nan,-0.008055,0.0031850000000000003,2.53,nan,nan,nan
,1994CJ1,1.490422858,0.325430327,2.307350044,21.4,nan,nan,nan,30.0,nan,nan,nan,nan,nan,nan,nan,nan,nan,nan,nan,nan,nan,nan,nan,nan,nan,nan,nan,nan,nan,nan,-0.005386999999999999,0.0021449999999999998,2.51,nan,nan,nan
523934,1998FF14,1.253378772,0.312418272,38.68975887,20.6,nan,nan,nan,nan,nan,nan,nan,nan,nan,nan,nan,nan,nan,nan,nan,nan,nan,nan,nan,nan,nan,nan,nan,nan,nan,nan,-0.001772,0.0007099999999999999,2.5,nan,nan,nan
5131,1990BG,1.486128269,0.569153934,36.43079053,14.8,nan,nan,nan,37.2,nan,nan,nan,nan,nan,nan,nan,nan,nan,nan,nan,nan,nan,nan,nan,nan,nan,nan,nan,nan,nan,nan,-0.001621,0.00065,2.49,nan,nan,nan
65690,1991DG,1.427857347,0.363247427,11.14295271,19.0,nan,nan,nan,7.112,nan,nan,nan,nan,nan,nan,nan,nan,nan,nan,0.13,0.2,nan,nan,nan,nan,nan,nan,nan,nan,nan,nan,-0.0032450000000000005,0.00131,2.48,nan,nan,nan
437846,1999RJ27,1.478870002,0.352336386,25.77877054,19.3,nan,nan,nan,nan,nan,nan,nan,nan,nan,nan,nan,nan,nan,nan,nan,nan,nan,nan,nan,nan,nan,nan,nan,nan,nan,nan,-0.006034,0.00244,2.47,nan,nan,nan
217628,Lugh,2.551430359,0.705030147,4.039078197,16.6,nan,1.4,nan,8.55,nan,nan,nan,nan,nan,nan,nan,nan,nan,nan,nan,nan,nan,nan,nan,nan,nan,nan,nan,nan,nan,nan,-0.009709,0.004,2.43,nan,nan,nan
162463,2000JH5,1.145652704,0.238200634,22.21562101,17.7,nan,1.048,0.079,3.024,nan,nan,nan,nan,nan,nan,nan,nan,nan,nan,nan,nan,nan,nan,nan,nan,nan,nan,nan,nan,nan,nan,-0.002809,0.00116,2.42,nan,nan,nan
162173,Ryugu,1.189679559,0.190301168,5.881928034,19.3,nan,nan,nan,7.627,nan,7.625,179.3,-87.4,nan,nan,nan,nan,nan,nan,0.1,0.34,nan,nan,nan,nan,nan,nan,nan,nan,nan,nan,-0.001599,0.00067,2.39,-0.000711,0.000404,1.76
NaN,2010VK139,0.779873091,0.282180367,26.957977498,23.71,nan,0.055,0.01,0.03,nan,nan,nan,nan,nan,nan,nan,nan,nan,nan,nan,nan,nan,nan,nan,nan,nan,nan,nan,nan,nan,nan,nan,nan,nan,-0.005111,0.002153,2.37
252558,2001WT1,1.089212044,0.397150002,7.163965699,20.2,nan,0.533,0.028,nan,nan,nan,nan,nan,nan,nan,nan,nan,nan,nan,nan,nan,nan,nan,nan,nan,nan,nan,nan,nan,nan,nan,-0.003423,0.00146,2.34,nan,nan,nan
NaN,2011WN15,1.216794569,0.857929949,33.43591642,19.6,nan,nan,nan,2.966,nan,nan,nan,nan,nan,nan,nan,nan,nan,nan,0.15,0.22,nan,nan,nan,nan,nan,nan,nan,nan,nan,nan,nan,nan,nan,0.002921,0.001251,2.34
469737,2005NW44,0.779295296,0.483326727,6.073320646,20.4,nan,nan,nan,31.5,nan,nan,nan,nan,nan,nan,nan,nan,nan,nan,nan,nan,nan,nan,nan,nan,nan,nan,nan,nan,nan,nan,0.001534,0.00066,2.32,nan,nan,nan
162082,1998HL1,1.246298027,0.187044121,20.05199631,19.1,nan,nan,nan,11.786,nan,nan,nan,nan,nan,nan,nan,nan,nan,nan,0.11,0.38,nan,nan,nan,nan,nan,nan,nan,nan,nan,nan,-0.0012439999999999999,0.00054,2.3,nan,nan,nan
5011,Ptah,1.636361894,0.500077456,7.405384899,16.4,nan,nan,nan,56.3,nan,nan,nan,nan,nan,nan,nan,nan,nan,nan,nan,nan,nan,nan,nan,nan,nan,nan,nan,nan,nan,nan,-0.001472,0.00064,2.3,nan,nan,nan
11500,Tomaiyowit,1.079768039,0.355779589,10.30870903,18.3,nan,0.738,0.006,73.0,nan,nan,nan,nan,nan,nan,nan,nan,nan,nan,nan,nan,nan,nan,nan,nan,nan,nan,nan,nan,nan,nan,-0.000518,0.00022999999999999998,2.25,nan,nan,nan
10563,Izhdubar,1.006885714,0.266297481,63.46245398,16.8,nan,nan,nan,nan,nan,nan,nan,nan,nan,nan,nan,nan,nan,nan,nan,nan,nan,nan,nan,nan,nan,nan,nan,nan,nan,nan,0.001709,0.0007700000000000001,2.22,nan,nan,nan
326683,2002WP,1.450092553,0.216012827,19.15121656,18.4,nan,0.518,0.083,6.262,nan,nan,nan,nan,nan,nan,nan,nan,nan,nan,1.13,1.42,nan,nan,nan,nan,nan,nan,nan,nan,nan,nan,0.001198,0.00054,2.22,nan,nan,nan
139622,2001QQ142,1.422656596,0.31110514,9.316667251,18.3,nan,nan,nan,nan,nan,nan,nan,nan,nan,nan,nan,nan,nan,nan,nan,nan,nan,nan,nan,nan,nan,nan,nan,nan,nan,nan,-0.003192,0.00144,2.22,nan,nan,nan
461852,2006GY2,1.858057903,0.496066393,30.56076014,18.8,nan,nan,nan,2.25,nan,nan,nan,nan,nan,nan,nan,nan,nan,nan,nan,nan,nan,nan,nan,nan,nan,nan,nan,nan,nan,nan,-0.037025999999999996,0.016919999999999998,2.19,nan,nan,nan
455146,1993FS,2.226691309,0.424767162,10.11180244,19.6,nan,nan,nan,nan,nan,nan,nan,nan,nan,nan,nan,nan,nan,nan,nan,nan,nan,nan,nan,nan,nan,nan,nan,nan,nan,nan,0.0038469999999999997,0.00179,2.15,nan,nan,nan
14402,1991DB,1.714934363,0.401733531,11.41654218,18.7,nan,0.6,nan,2.261,nan,nan,nan,nan,nan,nan,nan,nan,nan,nan,0.1,0.2,nan,nan,nan,nan,nan,nan,nan,nan,nan,nan,-0.000665,0.00031,2.15,nan,nan,nan
138911,2001AE2,1.349599398,0.081542103,1.661600165,19.2,nan,nan,nan,15.88,nan,nan,nan,nan,nan,nan,nan,nan,nan,nan,nan,nan,nan,nan,nan,nan,nan,nan,nan,nan,nan,nan,-0.00123,0.00058,2.12,nan,nan,nan
461353,1999LS7,1.010140623,0.30078844,13.05233103,20.8,nan,nan,nan,nan,nan,nan,nan,nan,nan,nan,nan,nan,nan,nan,nan,nan,nan,nan,nan,nan,nan,nan,nan,nan,nan,nan,-0.0048530000000000005,0.00229,2.12,nan,nan,nan
41429,2000GE2,1.592643525,0.555497947,2.173379385,20.5,nan,0.204,0.03,nan,nan,nan,nan,nan,nan,nan,nan,nan,nan,nan,nan,nan,nan,nan,nan,nan,nan,nan,nan,nan,nan,nan,-0.003129,0.00149,2.1,nan,nan,nan
4660,Nereus,1.488743085,0.360335928,1.432103476,18.4,nan,0.33,nan,15.1,nan,15.175,25.0,80.0,nan,nan,nan,nan,nan,nan,0.55,0.8,nan,nan,nan,nan,nan,nan,nan,nan,nan,nan,0.000426,0.0005,0.85,0.000558,0.000267,2.09
247517,2002QY6,0.81694838,0.699104528,12.75478248,19.7,nan,0.269,0.005,nan,nan,nan,nan,nan,nan,nan,nan,nan,nan,nan,nan,nan,nan,nan,nan,nan,nan,nan,nan,nan,nan,nan,-0.002572,0.00123,2.09,nan,nan,nan
1865,Cerberus,1.079993933,0.466853121,16.09595512,16.7,nan,1.2,nan,6.804,nan,nan,311.0,-78.0,nan,nan,nan,nan,nan,nan,0.56,2.3,nan,nan,nan,nan,nan,nan,nan,nan,nan,nan,-0.000375,0.00018,2.08,nan,nan,nan
513312,2007DM41,1.181278792,0.52771875,2.26455094,22.0,nan,nan,nan,nan,nan,nan,nan,nan,nan,nan,nan,nan,nan,nan,nan,nan,nan,nan,nan,nan,nan,nan,nan,nan,nan,nan,0.003966,0.0019100000000000002,2.08,nan,nan,nan
244670,2003KN18,1.748481391,0.486297337,11.90270618,18.3,nan,nan,nan,20.887,nan,nan,nan,nan,nan,nan,nan,nan,nan,nan,nan,nan,nan,nan,nan,nan,nan,nan,nan,nan,nan,nan,0.003467,0.00168,2.06,nan,nan,nan
326302,1998VN,1.386989638,0.34496779,12.03501587,20.5,nan,nan,nan,nan,nan,nan,nan,nan,nan,nan,nan,nan,nan,nan,nan,nan,nan,nan,nan,nan,nan,nan,nan,nan,nan,nan,-0.003848,0.0018899999999999998,2.04,nan,nan,nan
1916,Boreas,2.27308656,0.449641167,12.88010266,14.8,nan,3.5,nan,3.475,nan,nan,nan,nan,nan,nan,nan,nan,nan,nan,0.25,0.35,21.82,0.18,20.07,0.03,19.4,0.02,19.17,0.02,19.25,0.05,-0.00048600000000000005,0.00023999999999999998,2.03,nan,nan,nan
87684,2000SY2,0.858667554,0.642689756,19.22615795,16.1,nan,nan,nan,2.571,nan,nan,nan,nan,nan,nan,nan,nan,nan,nan,0.09,0.1,nan,nan,nan,nan,nan,nan,nan,nan,nan,nan,-0.0014349999999999999,0.0007099999999999999,2.02,nan,nan,nan
339714,2005ST1,1.451166708,0.371126052,20.22876052,20.3,nan,nan,nan,8.68,nan,nan,nan,nan,nan,nan,nan,nan,nan,nan,nan,nan,nan,nan,nan,nan,nan,nan,nan,nan,nan,nan,-0.000784,0.00039,2.01,nan,nan,nan
307070,2002AV31,1.309659731,0.249265638,14.97679426,20.6,nan,0.282,0.095,nan,nan,nan,nan,nan,nan,nan,nan,nan,nan,nan,nan,nan,nan,nan,nan,nan,nan,nan,nan,nan,nan,nan,-0.002167,0.00109,1.99,nan,nan,nan
385186,1994AW1,1.105238438,0.07576828,24.09726799,17.6,nan,0.811,0.021,2.519,nan,nan,nan,nan,nan,nan,nan,nan,nan,nan,0.12,0.17,nan,nan,nan,nan,nan,nan,nan,nan,nan,nan,0.00040599999999999995,0.00028,1.45,0.000684,0.000344,1.99
337084,1998SE36,1.341379368,0.099156555,11.6755835,19.7,nan,nan,nan,11.855,nan,nan,nan,nan,nan,nan,nan,nan,nan,nan,0.96,1.22,nan,nan,nan,nan,nan,nan,nan,nan,nan,nan,-0.0026969999999999997,0.0013599999999999999,1.98,nan,nan,nan
415711,1998WT7,1.15190794,0.109998144,40.70014784,19.0,nan,0.346,0.091,nan,nan,nan,nan,nan,nan,nan,nan,nan,nan,nan,nan,nan,nan,nan,nan,nan,nan,nan,nan,nan,nan,nan,0.003571,0.00183,1.95,nan,nan,nan
88959,2001TZ44,1.72363081,0.563825656,53.82266063,17.3,nan,nan,nan,6.73,nan,nan,nan,nan,nan,nan,nan,nan,nan,nan,nan,nan,nan,nan,nan,nan,nan,nan,nan,nan,nan,nan,-0.002945,0.00151,1.95,nan,nan,nan
163000,2001SW169,1.248377254,0.051469718,3.553914939,19.2,nan,nan,nan,69.97,nan,nan,nan,nan,nan,nan,nan,nan,nan,nan,0.37,0.45,nan,nan,nan,nan,nan,nan,nan,nan,nan,nan,-0.000826,0.00043,1.92,nan,nan,nan
2201,Oljato,2.174083938,0.712885503,2.522425042,15.3,nan,1.8,0.1,26.0,nan,nan,nan,nan,nan,nan,nan,nan,nan,nan,nan,nan,nan,nan,nan,nan,nan,nan,nan,nan,nan,nan,0.001628,0.00085,1.92,nan,nan,nan
1864,Daedalus,1.460916421,0.614470147,22.21196022,14.7,nan,3.7,nan,8.572,nan,nan,67.0,-80.0,nan,nan,nan,nan,nan,nan,0.72,1.04,nan,nan,nan,nan,nan,nan,nan,nan,nan,nan,-0.001129,0.00059,1.91,nan,nan,nan
495829,1995LG,1.064619587,0.790699392,43.58062443,18.7,nan,nan,nan,nan,nan,nan,nan,nan,nan,nan,nan,nan,nan,nan,nan,nan,nan,nan,nan,nan,nan,nan,nan,nan,nan,nan,0.001013,0.00053,1.91,nan,nan,nan
NaN,2015TC25,1.028459,0.116170323,3.744153302,29.34,nan,nan,nan,0.037,nan,nan,nan,nan,nan,nan,nan,nan,nan,nan,nan,nan,nan,nan,nan,nan,nan,nan,nan,nan,nan,nan,nan,nan,nan,-0.224196,0.117748,1.9
85989,1999JD6,0.883147753,0.63284334,17.0613464,17.1,nan,1.462,0.021,7.664,nan,nan,nan,nan,nan,nan,nan,nan,nan,nan,1.0,1.54,nan,nan,nan,nan,nan,nan,nan,nan,nan,nan,-0.000697,0.00037,1.88,nan,nan,nan
467336,2002LT38,0.845155683,0.313749654,6.195815914,20.5,nan,nan,nan,21.8,nan,nan,nan,nan,nan,nan,nan,nan,nan,nan,nan,nan,nan,nan,nan,nan,nan,nan,nan,nan,nan,nan,0.001166,0.00062,1.88,nan,nan,nan
141531,2002GB,0.992069188,0.528936398,22.55137624,19.0,nan,0.303,0.014,73.0,nan,nan,nan,nan,nan,nan,nan,nan,nan,nan,nan,nan,nan,nan,nan,nan,nan,nan,nan,nan,nan,nan,0.00235,0.00125,1.88,nan,nan,nan
18736,1998NU,2.353526787,0.488703924,2.807239328,15.9,nan,nan,nan,2.475,nan,nan,nan,nan,nan,nan,nan,nan,nan,nan,0.1,0.26,21.99,0.32,21.5,0.07,20.92,0.06,20.65,0.06,21.25,0.42,-0.001542,0.0008300000000000001,1.86,nan,nan,nan
6239,Minos,1.151399147,0.41264416,3.942233681,18.5,nan,nan,nan,3.556,nan,nan,nan,nan,nan,nan,nan,nan,nan,nan,0.08,0.12,nan,nan,nan,nan,nan,nan,nan,nan,nan,nan,0.000679,0.00037,1.84,nan,nan,nan
190758,2001QH96,1.749166591,0.364541082,13.95286203,18.4,nan,nan,nan,nan,nan,nan,nan,nan,nan,nan,nan,nan,nan,nan,nan,nan,nan,nan,nan,nan,nan,nan,nan,nan,nan,nan,0.004952000000000001,0.00271,1.83,nan,nan,nan
88254,2001FM129,1.182372421,0.629473977,1.522251766,17.7,nan,0.8,0.012,38.56,nan,nan,nan,nan,nan,nan,nan,nan,nan,nan,nan,nan,nan,nan,nan,nan,nan,nan,nan,nan,nan,nan,-0.0010550000000000002,0.00058,1.82,nan,nan,nan
474574,2004FG1,1.751298273,0.284998006,24.1759042,19.4,nan,nan,nan,nan,nan,nan,nan,nan,nan,nan,nan,nan,nan,nan,nan,nan,nan,nan,nan,nan,nan,nan,nan,nan,nan,nan,-0.0032770000000000004,0.00185,1.77,nan,nan,nan
162882,2001FD58,1.092300466,0.575153588,6.497241251,18.7,nan,nan,nan,nan,nan,nan,nan,nan,nan,nan,nan,nan,nan,nan,nan,nan,nan,nan,nan,nan,nan,nan,nan,nan,nan,nan,-0.00145,0.00082,1.77,nan,nan,nan
2202,Pele,2.290252276,0.51269789,8.742264561,17.1,nan,nan,nan,nan,nan,nan,nan,nan,nan,nan,nan,nan,nan,nan,nan,nan,nan,nan,nan,nan,nan,nan,nan,nan,nan,nan,0.002507,0.00143,1.75,nan,nan,nan
161999,1989RC,2.314957447,0.512797387,7.374294795,18.7,nan,0.458,0.023,nan,nan,nan,nan,nan,nan,nan,nan,nan,nan,nan,nan,nan,nan,nan,nan,nan,nan,nan,nan,nan,nan,nan,-0.0038200000000000005,0.00218,1.75,nan,nan,nan
516435,2004FJ29,0.913258954,0.349112851,33.43944851,21.3,nan,nan,nan,nan,nan,nan,nan,nan,nan,nan,nan,nan,nan,nan,nan,nan,nan,nan,nan,nan,nan,nan,nan,nan,nan,nan,-0.001593,0.0009199999999999999,1.73,nan,nan,nan
452389,2002NW16,1.10879516,0.030351871,14.16476422,18.1,nan,0.846,0.009,46.7,nan,nan,nan,nan,nan,nan,nan,nan,nan,nan,nan,nan,nan,nan,nan,nan,nan,nan,nan,nan,nan,nan,-0.000933,0.00054,1.73,nan,nan,nan
163081,2002AG29,1.086683572,0.203262965,11.49979547,18.5,nan,nan,nan,19.64,nan,nan,nan,nan,nan,nan,nan,nan,nan,nan,0.25,0.38,nan,nan,nan,nan,nan,nan,nan,nan,nan,nan,0.0013599999999999999,0.00079,1.72,nan,nan,nan
NaN,2004BG41,2.508019972,0.610230363,2.980520274,24.4,nan,nan,nan,nan,nan,nan,nan,nan,nan,nan,nan,nan,nan,nan,nan,nan,nan,nan,nan,nan,nan,nan,nan,nan,nan,nan,-0.005125,0.003,1.71,nan,nan,nan
215442,2002MQ3,0.913708177,0.274324017,36.28616476,18.5,nan,1.075,0.016,473.0,nan,nan,nan,nan,nan,nan,nan,nan,nan,nan,nan,nan,nan,nan,nan,nan,nan,nan,nan,nan,nan,nan,-0.0020469999999999998,0.0012,1.71,nan,nan,nan
4769,Castalia,1.063147864,0.483232308,8.885519032,16.9,nan,1.4,nan,4.095,nan,nan,253.0,-56.0,242.0,7.0,nan,nan,nan,nan,nan,nan,nan,nan,nan,nan,nan,nan,nan,nan,nan,nan,-0.0005099999999999999,0.0003,1.7,nan,nan,nan
11885,Summanus,1.703268931,0.474902213,19.41789684,18.5,nan,1.298,0.446,7.368,nan,nan,nan,nan,nan,nan,nan,nan,nan,nan,nan,nan,nan,nan,nan,nan,nan,nan,nan,nan,nan,nan,-0.001782,0.00105,1.7,nan,nan,nan
230549,2003BH,1.456359376,0.356117742,13.11454956,20.5,nan,0.217,0.004,nan,nan,nan,nan,nan,nan,nan,nan,nan,nan,nan,nan,nan,21.69,1.22,20.47,0.03,19.7,0.02,19.53,0.02,19.7,0.09,0.002548,0.00151,1.69,nan,nan,nan
162162,1999DB7,1.205803963,0.194761176,10.84081223,19.8,nan,nan,nan,nan,nan,nan,nan,nan,nan,nan,nan,nan,nan,nan,nan,nan,nan,nan,nan,nan,nan,nan,nan,nan,nan,nan,0.001895,0.0011300000000000001,1.68,nan,nan,nan
418849,2008WM64,1.005386557,0.106462443,33.52701774,20.6,nan,nan,nan,2.406,nan,nan,nan,nan,nan,nan,nan,nan,nan,nan,0.62,0.66,nan,nan,nan,nan,nan,nan,nan,nan,nan,nan,-0.0021420000000000002,0.00128,1.67,nan,nan,nan
497113,2004EK1,1.249792456,0.250858857,11.64276046,22.2,nan,nan,nan,nan,nan,nan,nan,nan,nan,nan,nan,nan,nan,nan,nan,nan,nan,nan,nan,nan,nan,nan,nan,nan,nan,nan,-0.001704,0.00103,1.65,nan,nan,nan
137924,2000BD19,0.876441657,0.895001984,25.7321734,17.2,nan,0.97,0.039,10.57,nan,nan,nan,nan,nan,nan,nan,nan,nan,nan,0.67,0.87,nan,nan,nan,nan,nan,nan,nan,nan,nan,nan,-0.00221,0.00135,1.64,nan,nan,nan
240320,2003HS42,1.45895989,0.121293568,15.82309033,20.1,nan,nan,nan,nan,nan,nan,nan,nan,nan,nan,nan,nan,nan,nan,nan,nan,nan,nan,nan,nan,nan,nan,nan,nan,nan,nan,0.003187,0.00196,1.63,nan,nan,nan
4197,Morpheus,2.295124784,0.772419302,12.5941045,14.9,nan,1.8,nan,3.538,nan,nan,nan,nan,nan,nan,nan,nan,nan,nan,0.28,0.49,nan,nan,nan,nan,nan,nan,nan,nan,nan,nan,0.001281,0.0008,1.6,nan,nan,nan
469445,2002LT24,0.720075601,0.495822884,0.763423589,22.1,nan,0.143,0.024,nan,nan,nan,nan,nan,nan,nan,nan,nan,nan,nan,nan,nan,nan,nan,nan,nan,nan,nan,nan,nan,nan,nan,-0.0029649999999999998,0.00186,1.59,nan,nan,nan
190491,2000FJ10,1.319289576,0.23454567,5.281345304,20.9,nan,nan,nan,2.46,nan,nan,nan,nan,nan,nan,nan,nan,nan,nan,nan,nan,nan,nan,nan,nan,nan,nan,nan,nan,nan,nan,-0.002602,0.0016699999999999998,1.56,nan,nan,nan
NaN,2004SC56,0.767613773,0.428426335,4.781466672,22.7,nan,0.291,0.042,nan,nan,nan,nan,nan,nan,nan,nan,nan,nan,nan,nan,nan,nan,nan,nan,nan,nan,nan,nan,nan,nan,nan,-0.004291,0.00278,1.54,nan,nan,nan
433953,1997XR2,1.076194174,0.200866322,7.192041993,20.7,nan,0.259,0.086,9.32,nan,nan,nan,nan,nan,nan,nan,nan,nan,nan,nan,nan,nan,nan,nan,nan,nan,nan,nan,nan,nan,nan,0.0014810000000000001,0.0009699999999999999,1.53,nan,nan,nan
7482,1994PC1,1.346161268,0.328304587,33.48902941,16.5,nan,1.052,0.303,2.6,nan,nan,nan,nan,nan,nan,nan,nan,nan,nan,0.29,0.38,nan,nan,nan,nan,nan,nan,nan,nan,nan,nan,0.001275,0.00084,1.52,nan,nan,nan
3362,Khufu,0.989524068,0.468478623,9.916906008,18.3,nan,0.7,nan,nan,nan,nan,nan,nan,nan,nan,nan,nan,nan,nan,nan,nan,nan,nan,nan,nan,nan,nan,nan,nan,nan,nan,-0.0017870000000000002,0.00118,1.51,nan,nan,nan
3753,Cruithne,0.997697006,0.514844172,19.80628092,15.6,nan,2.071,0.106,27.31,nan,nan,nan,nan,nan,nan,nan,nan,nan,nan,0.4,0.95,nan,nan,nan,nan,nan,nan,nan,nan,nan,nan,-0.0005139999999999999,0.00033999999999999997,1.51,nan,nan,nan
276770,2004HC,0.789165485,0.598656868,28.98091463,19.9,nan,nan,nan,nan,nan,nan,nan,nan,nan,nan,nan,nan,nan,nan,nan,nan,nan,nan,nan,nan,nan,nan,nan,nan,nan,nan,-0.003811,0.00253,1.51,nan,nan,nan
488789,2004XK50,1.451277602,0.688673761,38.2162289,19.3,nan,1.039,0.077,nan,nan,nan,nan,nan,nan,nan,nan,nan,nan,nan,nan,nan,nan,nan,nan,nan,nan,nan,nan,nan,nan,nan,0.005604,0.00373,1.5,nan,nan,nan
369986,1998SO,0.731531633,0.698552003,30.34228866,20.6,nan,nan,nan,nan,nan,nan,nan,nan,nan,nan,nan,nan,nan,nan,nan,nan,nan,nan,nan,nan,nan,nan,nan,nan,nan,nan,0.0012289999999999998,0.00082,1.5,nan,nan,nan
488453,1994XD,2.346743987,0.73380251,4.310618873,19.1,nan,nan,nan,2.736,nan,nan,nan,nan,nan,nan,nan,nan,nan,nan,nan,nan,nan,nan,nan,nan,nan,nan,nan,nan,nan,nan,0.004169,0.0028,1.49,nan,nan,nan
276033,2002AJ129,1.370451864,0.914932461,15.45655918,18.7,nan,nan,nan,3.922,nan,nan,nan,nan,nan,nan,nan,nan,nan,nan,nan,nan,nan,nan,nan,nan,nan,nan,nan,nan,nan,nan,0.002184,0.00147,1.49,nan,nan,nan
5693,1993EA,1.2709458,0.585148437,5.054676357,16.7,nan,nan,nan,2.496,nan,nan,nan,nan,nan,nan,nan,nan,nan,nan,0.05,0.13,nan,nan,nan,nan,nan,nan,nan,nan,nan,nan,-0.0006349999999999999,0.00043,1.48,nan,nan,nan
249886,2001RY11,1.483183563,0.283321146,22.84630824,17.4,nan,1.201,0.04,nan,nan,nan,nan,nan,nan,nan,nan,nan,nan,nan,nan,nan,nan,nan,nan,nan,nan,nan,nan,nan,nan,nan,0.003139,0.00217,1.45,nan,nan,nan
164202,2004EW,0.988185614,0.279124113,4.669508025,20.8,nan,nan,nan,11.1,nan,nan,nan,nan,nan,nan,nan,nan,nan,nan,nan,nan,nan,nan,nan,nan,nan,nan,nan,nan,nan,nan,0.00187,0.0013,1.44,nan,nan,nan
11398,1998YP11,1.72063349,0.388974219,15.02583958,16.3,nan,1.316,0.349,38.6,nan,nan,nan,nan,nan,nan,nan,nan,nan,nan,0.2,0.46,nan,nan,nan,nan,nan,nan,nan,nan,nan,nan,-0.000517,0.00036,1.44,nan,nan,nan
7822,1991CS,1.122920698,0.164646301,37.12099026,17.4,nan,1.602,0.012,2.39,nan,nan,nan,nan,nan,nan,nan,nan,nan,nan,0.26,0.46,nan,nan,nan,nan,nan,nan,nan,nan,nan,nan,0.0008029999999999999,0.00056,1.43,nan,nan,nan
11405,1999CV3,1.459582058,0.393807827,22.86335306,15.2,nan,3.621,0.063,6.504,nan,nan,25.0,-17.0,148.0,64.0,nan,nan,nan,nan,0.5,0.89,nan,nan,nan,nan,nan,nan,nan,nan,nan,nan,0.000754,0.00053,1.42,nan,nan,nan
7888,1993UC,2.435467688,0.66414746,26.08460992,15.1,nan,2.298,0.733,2.337,nan,nan,nan,nan,nan,nan,nan,nan,nan,nan,0.1,0.22,nan,nan,nan,nan,nan,nan,nan,nan,nan,nan,-0.003771,0.00266,1.42,nan,nan,nan
3551,Verenia,2.092937415,0.48684956,9.507094978,16.6,nan,0.9,nan,4.93,nan,nan,nan,nan,nan,nan,nan,nan,nan,nan,0.11,0.15,24.31,1.17,22.19,0.19,21.39,0.08,21.09,0.09,20.82,0.28,-0.0013109999999999999,0.0009400000000000001,1.39,nan,nan,nan
52387,Huitzilopochtli,1.282102729,0.189725175,24.15440373,17.7,nan,0.89,0.304,26.0,nan,nan,nan,nan,nan,nan,nan,nan,nan,nan,nan,nan,nan,nan,nan,nan,nan,nan,nan,nan,nan,nan,-0.002251,0.00164,1.37,nan,nan,nan
65733,1993PC,1.153782033,0.47419629,4.151040335,18.3,nan,nan,nan,4.185,nan,nan,nan,nan,nan,nan,nan,nan,nan,nan,0.73,0.97,nan,nan,nan,nan,nan,nan,nan,nan,nan,nan,-0.000671,0.00049,1.37,nan,nan,nan
443837,2000TJ1,1.160532654,0.080916248,39.53764768,19.5,nan,0.253,0.04,14.09,nan,nan,nan,nan,nan,nan,nan,nan,nan,nan,nan,nan,nan,nan,nan,nan,nan,nan,nan,nan,nan,nan,-0.0009710000000000001,0.0007099999999999999,1.37,nan,nan,nan
5869,Tanith,1.811988486,0.321468889,17.9233726,17.2,nan,nan,nan,17.519,nan,nan,nan,nan,nan,nan,nan,nan,nan,nan,nan,nan,nan,nan,nan,nan,nan,nan,nan,nan,nan,nan,-0.0019219999999999999,0.00145,1.33,nan,nan,nan
513126,1998QP,1.785701698,0.582279875,9.352973084,21.2,nan,nan,nan,nan,nan,nan,nan,nan,nan,nan,nan,nan,nan,nan,nan,nan,nan,nan,nan,nan,nan,nan,nan,nan,nan,nan,-0.0038420000000000004,0.0029100000000000003,1.32,nan,nan,nan
163348,2002NN4,0.876394332,0.434526026,5.417650525,20.1,nan,0.735,0.243,14.5,nan,nan,nan,nan,nan,nan,nan,nan,nan,nan,nan,nan,nan,nan,nan,nan,nan,nan,nan,nan,nan,nan,0.00132,0.00101,1.31,nan,nan,nan
5189,1990UQ,1.552401313,0.47834142,3.578357292,17.8,nan,nan,nan,6.653,nan,nan,317.0,-79.0,nan,nan,nan,nan,nan,nan,0.62,1.02,nan,nan,nan,nan,nan,nan,nan,nan,nan,nan,-0.001222,0.0009400000000000001,1.3,nan,nan,nan
152742,1998XE12,0.878224886,0.739157446,13.4350068,19.1,nan,0.413,0.005,nan,nan,nan,nan,nan,nan,nan,nan,nan,nan,nan,nan,nan,nan,nan,nan,nan,nan,nan,nan,nan,nan,nan,0.001411,0.00109,1.29,nan,nan,nan
455594,2004SV55,1.759187056,0.658313977,41.16992655,17.9,nan,1.625,0.15,nan,nan,nan,nan,nan,nan,nan,nan,nan,nan,nan,nan,nan,nan,nan,nan,nan,nan,nan,nan,nan,nan,nan,-0.001189,0.0009400000000000001,1.26,nan,nan,nan
363116,2001GQ2,1.214380698,0.503112763,21.82173826,20.1,nan,nan,nan,nan,nan,nan,nan,nan,nan,nan,nan,nan,nan,nan,nan,nan,nan,nan,nan,nan,nan,nan,nan,nan,nan,nan,-0.001029,0.00082,1.25,nan,nan,nan
15745,Yuliya,1.719662308,0.255181094,14.42831299,17.3,nan,nan,nan,3.249,nan,nan,nan,nan,nan,nan,nan,nan,nan,nan,0.03,0.1,nan,nan,nan,nan,nan,nan,nan,nan,nan,nan,-0.0006,0.00047999999999999996,1.25,nan,nan,nan
8176,1991WA,1.574917894,0.643187815,39.59826174,16.9,nan,nan,nan,7.111,nan,nan,nan,nan,nan,nan,nan,nan,nan,nan,0.8,0.99,nan,nan,nan,nan,nan,nan,nan,nan,nan,nan,0.00086,0.0007099999999999999,1.21,nan,nan,nan
450293,2004LV3,1.231215477,0.275646924,35.34371061,18.8,nan,nan,nan,nan,nan,nan,nan,nan,nan,nan,nan,nan,nan,nan,nan,nan,nan,nan,nan,nan,nan,nan,nan,nan,nan,nan,-0.002006,0.0016899999999999999,1.19,nan,nan,nan
137805,1999YK5,0.829380434,0.55832295,16.74635667,16.7,nan,2.243,0.026,3.93,nan,nan,nan,nan,nan,nan,nan,nan,nan,nan,0.09,0.38,nan,nan,nan,nan,nan,nan,nan,nan,nan,nan,-0.000627,0.00053,1.18,nan,nan,nan
162567,2000RW37,1.247553147,0.250267225,13.74793237,19.9,nan,0.335,0.007,2.439,nan,nan,nan,nan,nan,nan,nan,nan,nan,nan,nan,nan,nan,nan,nan,nan,nan,nan,nan,nan,nan,nan,-0.0016649999999999998,0.0014199999999999998,1.17,nan,nan,nan
455415,2003GA,1.281544171,0.191237041,3.842210371,21.2,nan,nan,nan,5.78,nan,nan,nan,nan,nan,nan,nan,nan,nan,nan,nan,nan,nan,nan,nan,nan,nan,nan,nan,nan,nan,nan,0.0033759999999999997,0.00288,1.17,nan,nan,nan
9856,1991EE,2.243190498,0.626022497,9.82700027,17.4,nan,1.0,nan,3.045,nan,nan,nan,nan,nan,nan,nan,nan,nan,nan,0.14,0.28,21.7,0.17,20.23,1.1,19.67,0.02,19.41,0.02,19.54,0.07,0.001184,0.0010199999999999999,1.16,nan,nan,nan
523586,1999LK1,0.906929033,0.332688572,11.92687932,22.1,nan,nan,nan,nan,nan,nan,nan,nan,nan,nan,nan,nan,nan,nan,nan,nan,nan,nan,nan,nan,nan,nan,nan,nan,nan,nan,-0.000987,0.0008699999999999999,1.13,nan,nan,nan
162483,2000PJ5,0.872682872,0.37365693,51.18364254,17.4,nan,0.906,0.009,2.642,nan,nan,nan,nan,nan,nan,nan,nan,nan,nan,nan,nan,nan,nan,nan,nan,nan,nan,nan,nan,nan,nan,-0.000895,0.00079,1.13,nan,nan,nan
65706,1992NA,2.39712385,0.555515589,9.638792907,16.5,nan,nan,nan,3.484,nan,nan,nan,nan,nan,nan,nan,nan,nan,nan,0.15,0.37,nan,nan,nan,nan,nan,nan,nan,nan,nan,nan,0.001129,0.001,1.13,nan,nan,nan
141498,2002EZ16,0.921591975,0.566578144,30.1416597,18.4,nan,nan,nan,5.02,nan,nan,nan,nan,nan,nan,nan,nan,nan,nan,0.17,0.18,nan,nan,nan,nan,nan,nan,nan,nan,nan,nan,-0.001201,0.00112,1.07,nan,nan,nan
302169,2001TD45,0.796747801,0.777475653,25.3907518,19.9,nan,nan,nan,nan,nan,nan,nan,nan,nan,nan,nan,nan,nan,nan,nan,nan,nan,nan,nan,nan,nan,nan,nan,nan,nan,nan,-0.001192,0.00115,1.04,nan,nan,nan
17511,1992QN,1.189978887,0.358838054,9.582650846,17.3,nan,nan,nan,5.99,nan,nan,120.0,-18.0,nan,nan,nan,nan,nan,nan,0.66,1.1,nan,nan,nan,nan,nan,nan,nan,nan,nan,nan,0.000336,0.00033999999999999997,0.99,nan,nan,nan
523595,2002OS4,1.923462351,0.453828095,26.81095871,18.3,nan,0.658,0.184,nan,nan,nan,nan,nan,nan,nan,nan,nan,nan,nan,nan,nan,nan,nan,nan,nan,nan,nan,nan,nan,nan,nan,-0.000938,0.00095,0.99,nan,nan,nan
9162,Kwiila,1.496614276,0.595317234,9.00773309,17.8,nan,1.127,0.233,15.13,nan,nan,nan,nan,nan,nan,nan,nan,nan,nan,nan,nan,nan,nan,nan,nan,nan,nan,nan,nan,nan,nan,-0.0007059999999999999,0.00072,0.98,nan,nan,nan
333889,1998SV4,0.816478447,0.641970502,53.29569323,18.2,nan,0.919,0.269,2.817,nan,nan,nan,nan,nan,nan,nan,nan,nan,nan,nan,nan,nan,nan,nan,nan,nan,nan,nan,nan,nan,nan,0.000794,0.00085,0.93,nan,nan,nan
1866,Sisyphus,1.89369921,0.538083305,41.19929069,12.4,nan,8.48,nan,2.4,nan,nan,nan,nan,nan,nan,nan,nan,nan,nan,0.02,0.17,nan,nan,nan,nan,nan,nan,nan,nan,nan,nan,-0.000226,0.00025,0.9,nan,nan,nan
243025,2006UM216,2.676210526,0.52308634,15.87186009,16.0,nan,2.123,0.778,31.73,nan,nan,nan,nan,nan,nan,nan,nan,nan,nan,nan,nan,nan,nan,nan,nan,nan,nan,nan,nan,nan,nan,-0.00105,0.00122,0.86,nan,nan,nan
494658,2000UG11,1.928429328,0.572868628,8.922385534,20.4,nan,nan,nan,4.44,nan,nan,nan,nan,nan,nan,nan,nan,nan,nan,0.08,0.1,nan,nan,nan,nan,nan,nan,nan,nan,nan,nan,-0.003496,0.00427,0.82,nan,nan,nan
136617,1994CC,1.637667328,0.417049747,4.681378024,17.7,nan,nan,nan,2.389,nan,nan,nan,nan,nan,nan,nan,nan,nan,nan,nan,nan,nan,nan,nan,nan,nan,nan,nan,nan,nan,nan,-0.001092,0.0014199999999999998,0.77,nan,nan,nan
7889,1994LX,1.261379779,0.346315355,36.91250845,15.2,nan,1.68,0.07,2.741,nan,nan,nan,nan,nan,nan,nan,nan,nan,nan,0.27,0.39,nan,nan,nan,nan,nan,nan,nan,nan,nan,nan,-0.000392,0.00053,0.74,nan,nan,nan
141018,2001WC47,1.398809061,0.24116618,2.869123512,18.9,nan,nan,nan,16.51,nan,nan,nan,nan,nan,nan,nan,nan,nan,nan,nan,nan,nan,nan,nan,nan,nan,nan,nan,nan,nan,nan,-0.000541,0.00074,0.73,nan,nan,nan
NaN,2020GE,1.005738232,0.039472137,2.284204381,28.16,nan,nan,nan,nan,nan,nan,nan,nan,nan,nan,nan,nan,nan,nan,nan,nan,nan,nan,nan,nan,nan,nan,nan,nan,nan,nan,nan,nan,nan,0.029558,0.079986,0.37
NaN,2004JN1,1.085311316,0.175683567,1.501884135,23.7,nan,nan,nan,nan,nan,nan,nan,nan,nan,nan,nan,nan,nan,nan,nan,nan,nan,nan,nan,nan,nan,nan,nan,nan,nan,nan,nan,nan,nan,-0.009416,0.025615,0.37
66146,1998TU3,0.787261715,0.483693697,5.406999506,14.5,nan,2.864,1.165,2.375,nan,nan,nan,nan,nan,nan,nan,nan,nan,nan,0.07,0.15,nan,nan,nan,nan,nan,nan,nan,nan,nan,nan,-0.00016,0.00045,0.36,nan,nan,nan
3103,Eger,1.404234015,0.35414918,20.9308809,15.2,nan,1.5,nan,5.71,nan,nan,226.0,-70.0,nan,nan,nan,nan,nan,nan,0.49,1.18,19.44,0.03,18.03,0.02,17.38,0.01,17.24,0.02,17.15,0.02,-7.6e-05,0.00022999999999999998,0.33,nan,nan,nan
35107,1991VH,1.137326481,0.144266479,13.911640405,16.76,nan,0.929,0.035,2.624,nan,nan,nan,nan,nan,nan,nan,nan,nan,nan,0.06,0.15,nan,nan,nan,nan,nan,nan,nan,nan,nan,nan,nan,nan,nan,7.7e-05,0.000268,0.29
NaN,2012LA,1.040317247,0.021541923,3.15878067,27.6,nan,nan,nan,nan,nan,nan,nan,nan,nan,nan,nan,nan,nan,nan,nan,nan,nan,nan,nan,nan,nan,nan,nan,nan,nan,nan,nan,nan,nan,0.079101,0.328067,0.24
NaN,2011MD,1.056337418,0.037035417,2.44531571,28.0,nan,nan,nan,0.194,nan,nan,nan,nan,nan,nan,nan,nan,nan,nan,0.7,1.0,nan,nan,nan,nan,nan,nan,nan,nan,nan,nan,nan,nan,nan,-0.03664,0.156686,0.23
438661,2008EP6,1.209043242,0.29326317,17.72318874,19.3,nan,nan,nan,nan,nan,nan,nan,nan,nan,nan,nan,nan,nan,nan,nan,nan,nan,nan,nan,nan,nan,nan,nan,nan,nan,nan,-0.000143,0.00448,0.03,nan,nan,nan
96590,1998XB,0.907843987,0.351170175,13.60473959,16.2,nan,0.882,0.217,520.0,nan,nan,nan,nan,nan,nan,nan,nan,nan,nan,nan,nan,nan,nan,nan,nan,nan,nan,nan,nan,nan,nan,-5e-06,0.00042,0.01,nan,nan,nan
